"","plot","year","uninfected_bay_ct","infected_bay_ct","tot_bay","ct_bay_NA","infected"
"1","ANN01",2004,8,15,23,0,1
"2","ANN01",2005,6,17,23,0,1
"3","ANN01",2006,0,25,25,0,1
"4","ANN01",2007,0,23,23,0,1
"5","ANN01",2008,0,24,24,0,1
"6","ANN01",2009,0,23,23,0,1
"7","ANN01",2010,1,23,24,0,1
"8","ANN01",2011,0,24,24,0,1
"9","ANN01",2012,0,26,26,0,1
"10","ANN01",2014,1,23,24,0,1
"11","ANN02",2004,2,9,11,0,1
"12","ANN02",2005,3,8,11,0,1
"13","ANN02",2006,0,11,11,0,1
"14","ANN02",2007,0,11,11,0,1
"15","ANN02",2008,0,11,11,0,1
"16","ANN02",2009,0,11,11,0,1
"17","ANN02",2010,0,11,11,0,1
"18","ANN02",2011,0,11,11,0,1
"19","ANN02",2012,0,10,10,0,1
"20","ANN02",2014,0,11,11,0,1
"21","ANN03",2004,4,23,27,0,1
"22","ANN03",2005,3,24,27,0,1
"23","ANN03",2006,0,27,27,0,1
"24","ANN03",2007,1,24,25,0,1
"25","ANN03",2008,0,24,24,0,1
"26","ANN03",2009,0,27,27,0,1
"27","ANN03",2010,0,41,41,0,1
"28","ANN03",2011,0,40,40,0,1
"29","ANN03",2012,0,45,45,0,1
"30","ANN03",2014,2,40,42,0,1
"31","ANN04",2004,4,8,12,0,1
"32","ANN04",2005,3,10,13,0,1
"33","ANN04",2006,2,11,13,0,1
"34","ANN04",2007,0,13,13,0,1
"35","ANN04",2008,0,13,13,0,1
"36","ANN04",2009,0,13,13,0,1
"37","ANN04",2010,0,13,13,0,1
"38","ANN04",2011,0,13,13,0,1
"39","ANN04",2012,1,12,13,0,1
"40","ANN04",2014,1,11,12,0,1
"41","ANN05",2003,0,15,15,0,1
"42","ANN05",2004,0,12,12,0,1
"43","ANN05",2005,0,15,15,0,1
"44","ANN05",2006,0,15,15,0,1
"45","ANN05",2008,0,15,15,0,1
"46","ANN05",2009,0,14,14,0,1
"47","ANN05",2010,0,14,14,0,1
"48","ANN05",2011,0,14,14,0,1
"49","ANN05",2012,0,14,14,0,1
"50","ANN05",2014,0,14,14,0,1
"51","ANN06",2004,2,6,8,0,1
"52","ANN06",2005,0,9,9,0,1
"53","ANN06",2006,9,1,10,0,1
"54","ANN06",2007,0,10,10,0,1
"55","ANN06",2008,0,10,10,0,1
"56","ANN06",2009,0,10,10,0,1
"57","ANN06",2010,0,10,10,0,1
"58","ANN06",2011,1,9,10,0,1
"59","ANN06",2012,0,10,10,0,1
"60","ANN06",2014,0,10,10,0,1
"61","ANN07",2004,2,1,3,0,1
"62","ANN07",2005,1,2,3,0,1
"63","ANN07",2006,1,2,3,0,1
"64","ANN07",2007,0,3,3,0,1
"65","ANN07",2008,0,3,3,0,1
"66","ANN07",2009,0,3,3,0,1
"67","ANN07",2010,0,3,3,0,1
"68","ANN07",2011,0,3,3,0,1
"69","ANN07",2012,0,3,3,0,1
"70","ANN07",2014,0,3,3,0,1
"71","ANN08",2004,0,3,3,0,1
"72","ANN08",2005,0,3,3,0,1
"73","ANN08",2006,4,0,4,0,0
"74","ANN08",2007,0,4,4,0,1
"75","ANN08",2008,0,4,4,0,1
"76","ANN08",2009,0,4,4,0,1
"77","ANN08",2010,0,4,4,0,1
"78","ANN08",2011,0,4,4,0,1
"79","ANN08",2012,0,5,5,0,1
"80","ANN08",2014,0,5,5,0,1
"81","ANN09",2004,2,2,4,0,1
"82","ANN09",2005,2,2,4,0,1
"83","ANN09",2006,0,5,5,0,1
"84","ANN09",2007,0,5,5,0,1
"85","ANN09",2008,0,5,5,0,1
"86","ANN09",2009,0,5,5,0,1
"87","ANN09",2010,0,5,5,0,1
"88","ANN09",2011,1,4,5,0,1
"89","ANN09",2012,0,5,5,0,1
"90","ANN09",2014,0,5,5,0,1
"91","ANN10",2004,4,1,5,0,1
"92","ANN10",2005,4,1,5,0,1
"93","ANN10",2006,3,2,5,0,1
"94","ANN10",2007,1,4,5,0,1
"95","ANN10",2008,0,5,5,0,1
"96","ANN10",2009,0,5,5,0,1
"97","ANN10",2010,0,5,5,0,1
"98","ANN10",2011,0,5,5,0,1
"99","ANN10",2012,0,5,5,0,1
"100","ANN10",2014,0,5,5,0,1
"101","ANN11",2004,0,1,1,0,1
"102","ANN11",2005,1,0,1,0,0
"103","ANN11",2006,1,0,1,0,0
"104","ANN11",2007,0,1,1,0,1
"105","ANN11",2008,0,1,1,0,1
"106","ANN11",2009,0,1,1,0,1
"107","ANN11",2010,0,1,1,0,1
"108","ANN11",2011,0,1,1,0,1
"109","ANN11",2012,0,1,1,0,1
"110","ANN11",2014,0,1,1,0,1
"111","ANN12",2004,7,4,11,0,1
"112","ANN12",2005,9,2,11,0,1
"113","ANN12",2006,0,11,11,0,1
"114","ANN12",2007,0,13,13,0,1
"115","ANN12",2008,0,13,13,0,1
"116","ANN12",2009,0,13,13,0,1
"117","ANN12",2010,0,16,16,0,1
"118","ANN12",2011,0,16,16,0,1
"119","ANN12",2012,0,15,15,0,1
"120","ANN12",2014,1,14,15,0,1
"121","ANN13",2004,1,4,5,0,1
"122","ANN13",2005,2,3,5,0,1
"123","ANN13",2006,0,5,5,0,1
"124","ANN13",2007,0,5,5,0,1
"125","ANN13",2008,0,5,5,0,1
"126","ANN13",2009,0,5,5,0,1
"127","ANN13",2010,0,5,5,0,1
"128","ANN13",2011,0,5,5,0,1
"129","ANN13",2012,0,6,6,0,1
"130","ANN13",2014,0,6,6,0,1
"131","ANN14",2004,0,5,5,0,1
"132","ANN14",2005,1,4,5,0,1
"133","ANN14",2006,1,5,6,0,1
"134","ANN14",2007,0,6,6,0,1
"135","ANN14",2008,0,5,5,0,1
"136","ANN14",2009,1,4,5,0,1
"137","ANN14",2010,0,5,5,0,1
"138","ANN14",2011,0,6,6,0,1
"139","ANN14",2012,0,6,6,0,1
"140","ANN14",2014,0,6,6,0,1
"141","ANN15",2004,3,13,16,0,1
"142","ANN15",2005,12,4,16,0,1
"143","ANN15",2006,0,15,16,1,1
"144","ANN15",2007,0,16,16,0,1
"145","ANN15",2008,0,16,16,0,1
"146","ANN15",2009,1,15,16,0,1
"147","ANN15",2010,0,16,16,0,1
"148","ANN15",2011,0,16,16,0,1
"149","ANN15",2012,0,16,16,0,1
"150","ANN15",2014,0,16,16,0,1
"151","ANN17",2004,3,1,4,0,1
"152","ANN17",2005,1,3,4,0,1
"153","ANN17",2006,0,4,4,0,1
"154","ANN17",2007,0,4,4,0,1
"155","ANN17",2008,0,4,4,0,1
"156","ANN17",2009,0,4,4,0,1
"157","ANN17",2010,0,4,4,0,1
"158","ANN17",2011,0,4,4,0,1
"159","ANN17",2012,0,4,4,0,1
"160","ANN17",2014,0,4,4,0,1
"161","ANN18",2004,1,2,3,0,1
"162","ANN18",2005,1,3,4,0,1
"163","ANN18",2006,0,4,4,0,1
"164","ANN18",2007,0,4,4,0,1
"165","ANN18",2008,0,4,4,0,1
"166","ANN18",2009,0,4,4,0,1
"167","ANN18",2010,0,4,4,0,1
"168","ANN18",2011,0,4,4,0,1
"169","ANN18",2012,0,5,5,0,1
"170","ANN18",2014,0,5,5,0,1
"171","ANN19",2004,0,3,3,0,1
"172","ANN19",2005,0,3,3,0,1
"173","ANN19",2006,0,3,3,0,1
"174","ANN19",2007,0,3,3,0,1
"175","ANN19",2008,0,3,3,0,1
"176","ANN19",2009,0,3,3,0,1
"177","ANN19",2010,0,3,3,0,1
"178","ANN19",2011,0,3,3,0,1
"179","ANN19",2012,0,3,3,0,1
"180","ANN19",2014,0,3,3,0,1
"181","ANN20",2004,0,1,1,0,1
"182","ANN20",2005,0,1,1,0,1
"183","ANN20",2006,0,1,1,0,1
"184","ANN20",2007,0,1,1,0,1
"185","ANN20",2008,0,1,1,0,1
"186","ANN20",2009,0,1,1,0,1
"187","ANN20",2010,0,1,1,0,1
"188","ANN20",2011,0,1,1,0,1
"189","ANN20",2012,0,1,1,0,1
"190","ANN20",2014,0,1,1,0,1
"191","ANN21",2004,0,8,8,0,1
"192","ANN21",2005,1,7,8,0,1
"193","ANN21",2006,0,8,8,0,1
"194","ANN21",2007,0,8,8,0,1
"195","ANN21",2008,0,8,8,0,1
"196","ANN21",2009,0,8,8,0,1
"197","ANN21",2010,0,8,8,0,1
"198","ANN21",2011,0,8,8,0,1
"199","ANN21",2012,0,8,8,0,1
"200","ANN21",2014,0,7,7,0,1
"201","ANN22",2004,0,12,12,0,1
"202","ANN22",2005,0,12,12,0,1
"203","ANN22",2006,0,12,12,0,1
"204","ANN22",2007,0,12,12,0,1
"205","ANN22",2008,0,12,12,0,1
"206","ANN22",2009,0,12,12,0,1
"207","ANN22",2010,0,12,12,0,1
"208","ANN22",2011,0,11,11,0,1
"209","ANN22",2012,0,11,11,0,1
"210","ANN22",2014,0,12,12,0,1
"211","ANN23",2007,0,1,1,0,1
"212","ANN23",2008,0,1,1,0,1
"213","ANN23",2009,0,1,1,0,1
"214","ANN23",2010,0,1,1,0,1
"215","ANN23",2011,0,1,1,0,1
"216","ANN23",2012,0,2,2,0,1
"217","ANN23",2014,0,2,2,0,1
"218","ANN24",2004,1,7,8,0,1
"219","ANN24",2005,2,6,8,0,1
"220","ANN24",2006,0,8,8,0,1
"221","ANN24",2007,0,8,8,0,1
"222","ANN24",2008,0,8,8,0,1
"223","ANN24",2009,1,7,8,0,1
"224","ANN24",2010,0,8,8,0,1
"225","ANN24",2011,0,8,8,0,1
"226","ANN24",2012,0,8,8,0,1
"227","ANN24",2014,1,7,8,0,1
"228","ANN25",2004,0,4,4,0,1
"229","ANN25",2005,0,4,4,0,1
"230","ANN25",2006,0,4,4,0,1
"231","ANN25",2007,0,4,4,0,1
"232","ANN25",2008,0,4,4,0,1
"233","ANN25",2009,0,4,4,0,1
"234","ANN25",2010,0,6,6,0,1
"235","ANN25",2011,0,6,6,0,1
"236","ANN25",2012,0,6,6,0,1
"237","ANN25",2014,0,6,6,0,1
"238","ANN27",2004,0,4,4,0,1
"239","ANN27",2005,1,3,4,0,1
"240","ANN27",2006,0,4,4,0,1
"241","ANN27",2007,0,4,4,0,1
"242","ANN27",2008,0,4,4,0,1
"243","ANN27",2009,0,4,4,0,1
"244","ANN27",2010,0,4,4,0,1
"245","ANN27",2011,0,4,4,0,1
"246","ANN27",2012,0,4,4,0,1
"247","ANN27",2014,0,4,4,0,1
"248","ANN29",2004,0,10,10,0,1
"249","ANN29",2005,0,10,10,0,1
"250","ANN29",2006,0,10,10,0,1
"251","ANN29",2007,0,10,10,0,1
"252","ANN29",2008,0,10,10,0,1
"253","ANN29",2009,0,10,10,0,1
"254","ANN29",2010,0,10,10,0,1
"255","ANN29",2011,0,10,10,0,1
"256","ANN29",2012,0,10,10,0,1
"257","ANN29",2014,0,9,9,0,1
"258","ANN30",2004,0,2,2,0,1
"259","ANN30",2005,1,1,2,0,1
"260","ANN30",2006,0,2,2,0,1
"261","ANN30",2007,0,5,5,0,1
"262","ANN30",2008,0,5,5,0,1
"263","ANN30",2009,0,4,4,0,1
"264","ANN30",2010,0,5,5,0,1
"265","ANN30",2011,0,5,5,0,1
"266","ANN30",2012,0,5,5,0,1
"267","ANN30",2014,0,6,6,0,1
"268","ANN31",2004,0,6,6,0,1
"269","ANN31",2005,1,5,6,0,1
"270","ANN31",2006,0,6,6,0,1
"271","ANN31",2007,1,5,6,0,1
"272","ANN31",2008,0,6,6,0,1
"273","ANN31",2009,5,1,6,0,1
"274","ANN31",2010,0,6,6,0,1
"275","ANN31",2011,0,6,6,0,1
"276","ANN31",2012,0,5,6,1,1
"277","ANN31",2014,1,5,6,0,1
"278","ANN32",2004,1,12,13,0,1
"279","ANN32",2005,1,14,15,0,1
"280","ANN32",2006,0,15,15,0,1
"281","ANN32",2007,2,13,15,0,1
"282","ANN32",2008,2,13,15,0,1
"283","ANN32",2009,2,12,14,0,1
"284","ANN32",2010,1,12,13,0,1
"285","ANN32",2011,1,12,13,0,1
"286","ANN32",2012,0,13,13,0,1
"287","ANN32",2014,0,14,14,0,1
"288","ANN33",2004,5,23,28,0,1
"289","ANN33",2005,10,22,32,0,1
"290","ANN33",2006,3,29,32,0,1
"291","ANN33",2007,3,29,32,0,1
"292","ANN33",2008,0,32,32,0,1
"293","ANN33",2009,4,27,31,0,1
"294","ANN33",2010,3,28,31,0,1
"295","ANN33",2011,1,30,31,0,1
"296","ANN33",2012,0,32,32,0,1
"297","ANN33",2014,0,29,29,0,1
"298","ANN34",2004,0,17,17,0,1
"299","ANN34",2005,0,15,15,0,1
"300","ANN34",2006,0,17,17,0,1
"301","ANN34",2007,0,17,17,0,1
"302","ANN34",2008,1,16,17,0,1
"303","ANN34",2009,0,17,17,0,1
"304","ANN34",2010,0,16,16,0,1
"305","ANN34",2011,0,17,17,0,1
"306","ANN34",2012,0,17,18,1,1
"307","ANN34",2014,0,17,17,0,1
"308","ANN35",2004,0,3,3,0,1
"309","ANN35",2005,0,3,3,0,1
"310","ANN35",2006,0,3,3,0,1
"311","ANN35",2007,0,3,3,0,1
"312","ANN35",2008,0,3,3,0,1
"313","ANN35",2009,1,2,3,0,1
"314","ANN35",2010,0,3,3,0,1
"315","ANN35",2011,0,3,3,0,1
"316","ANN35",2012,0,3,3,0,1
"317","ANN35",2014,0,3,3,0,1
"318","ANN36",2004,6,10,16,0,1
"319","ANN36",2005,6,12,18,0,1
"320","ANN36",2006,5,13,18,0,1
"321","ANN36",2007,0,18,18,0,1
"322","ANN36",2008,0,18,18,0,1
"323","ANN36",2009,2,16,18,0,1
"324","ANN36",2010,0,18,18,0,1
"325","ANN36",2011,0,18,18,0,1
"326","ANN36",2012,0,18,18,0,1
"327","ANN36",2014,0,18,18,0,1
"328","ANN37",2004,13,5,18,0,1
"329","ANN37",2005,2,25,27,0,1
"330","ANN37",2006,0,27,27,0,1
"331","ANN37",2007,0,27,27,0,1
"332","ANN37",2008,0,27,27,0,1
"333","ANN37",2009,2,25,27,0,1
"334","ANN37",2010,0,28,28,0,1
"335","ANN37",2011,0,27,27,0,1
"336","ANN37",2012,0,26,26,0,1
"337","ANN37",2014,0,28,28,0,1
"338","ANN38",2004,4,4,8,0,1
"339","ANN38",2005,4,4,8,0,1
"340","ANN38",2006,0,7,8,1,1
"341","ANN38",2007,1,7,8,0,1
"342","ANN38",2008,0,7,7,0,1
"343","ANN38",2009,6,1,7,0,1
"344","ANN38",2010,1,6,7,0,1
"345","ANN38",2011,0,7,7,0,1
"346","ANN38",2012,0,7,7,0,1
"347","ANN38",2014,0,7,7,0,1
"348","APGAR01",2004,5,5,10,0,1
"349","APGAR01",2005,5,5,10,0,1
"350","APGAR01",2006,3,7,10,0,1
"351","APGAR01",2007,0,10,10,0,1
"352","APGAR01",2008,0,10,10,0,1
"353","APGAR01",2009,0,9,9,0,1
"354","APGAR01",2010,0,10,10,0,1
"355","APGAR01",2011,0,10,10,0,1
"356","APGAR01",2012,0,10,10,0,1
"357","APGAR01",2014,0,11,11,0,1
"358","ARBIT01",2004,0,5,5,0,1
"359","ARBIT01",2005,0,5,5,0,1
"360","ARBIT01",2006,0,5,5,0,1
"361","ARBIT01",2007,0,5,5,0,1
"362","ARBIT01",2008,0,5,5,0,1
"363","ARBIT01",2009,0,5,5,0,1
"364","ARBIT01",2010,0,5,5,0,1
"365","ARBIT01",2011,0,6,6,0,1
"366","ARBIT01",2012,0,6,6,0,1
"367","ARBIT01",2014,0,6,6,0,1
"368","ARBIT02",2004,1,1,2,0,1
"369","ARBIT02",2005,1,1,2,0,1
"370","ARBIT02",2006,0,2,2,0,1
"371","ARBIT02",2007,0,2,2,0,1
"372","ARBIT02",2008,0,2,2,0,1
"373","ARBIT02",2009,0,2,2,0,1
"374","ARBIT02",2010,0,3,3,0,1
"375","ARBIT02",2011,0,3,3,0,1
"376","ARBIT02",2012,0,3,3,0,1
"377","ARBIT02",2014,0,3,3,0,1
"378","ARBIT03",2004,1,7,8,0,1
"379","ARBIT03",2005,3,5,8,0,1
"380","ARBIT03",2006,0,8,8,0,1
"381","ARBIT03",2007,1,7,8,0,1
"382","ARBIT03",2008,0,8,8,0,1
"383","ARBIT03",2009,0,9,9,0,1
"384","ARBIT03",2010,0,10,10,0,1
"385","ARBIT03",2011,1,9,10,0,1
"386","ARBIT03",2012,0,12,12,0,1
"387","ARBIT03",2014,0,12,12,0,1
"388","ARBIT04",2004,0,8,8,0,1
"389","ARBIT04",2005,0,9,9,0,1
"390","ARBIT04",2006,0,9,9,0,1
"391","ARBIT04",2007,0,9,9,0,1
"392","ARBIT04",2008,0,9,9,0,1
"393","ARBIT04",2009,0,10,10,0,1
"394","ARBIT04",2010,0,10,10,0,1
"395","ARBIT04",2011,0,12,12,0,1
"396","ARBIT04",2012,0,12,12,0,1
"397","ARBIT04",2014,0,12,12,0,1
"398","ARBIT05",2011,0,1,1,0,1
"399","ARBIT05",2012,0,1,1,0,1
"400","ARBIT05",2014,0,1,1,0,1
"401","ATHEA02",2004,1,14,15,0,1
"402","ATHEA02",2005,0,13,13,0,1
"403","ATHEA02",2006,0,15,15,0,1
"404","ATHEA02",2007,0,15,15,0,1
"405","ATHEA02",2008,0,14,14,0,1
"406","ATHEA02",2009,1,13,14,0,1
"407","ATHEA02",2010,0,14,14,0,1
"408","ATHEA02",2011,0,14,14,0,1
"409","ATHEA02",2012,0,14,14,0,1
"410","ATHEA02",2014,0,15,15,0,1
"411","BACKM03",2004,38,4,42,0,1
"412","BACKM03",2005,40,2,43,1,1
"413","BACKM03",2006,2,40,44,2,1
"414","BACKM03",2007,21,20,43,2,1
"415","BACKM03",2008,1,41,43,1,1
"416","BACKM03",2009,2,36,41,3,1
"417","BACKM03",2010,1,41,42,0,1
"418","BACKM03",2011,8,34,43,1,1
"419","BACKM03",2012,6,39,45,0,1
"420","BACKM03",2014,6,37,43,0,1
"421","BACKM04",2004,6,3,9,0,1
"422","BACKM04",2005,4,5,9,0,1
"423","BACKM04",2006,5,4,9,0,1
"424","BACKM04",2007,6,3,9,0,1
"425","BACKM04",2008,0,9,9,0,1
"426","BACKM04",2009,0,9,9,0,1
"427","BACKM04",2010,0,9,9,0,1
"428","BACKM04",2011,0,9,9,0,1
"429","BACKM04",2012,0,9,9,0,1
"430","BACKM04",2014,0,10,10,0,1
"431","BACKM05",2004,12,17,29,0,1
"432","BACKM05",2005,15,14,29,0,1
"433","BACKM05",2006,2,29,31,0,1
"434","BACKM05",2007,6,25,31,0,1
"435","BACKM05",2008,1,30,31,0,1
"436","BACKM05",2009,1,29,31,1,1
"437","BACKM05",2010,0,30,31,1,1
"438","BACKM05",2011,0,31,32,1,1
"439","BACKM05",2012,0,34,34,0,1
"440","BACKM05",2014,0,35,35,0,1
"441","BELTA01",2004,0,10,10,0,1
"442","BELTA01",2005,1,9,10,0,1
"443","BELTA01",2006,0,11,11,0,1
"444","BELTA01",2007,0,11,11,0,1
"445","BELTA01",2008,0,11,11,0,1
"446","BELTA01",2009,1,10,11,0,1
"447","BELTA01",2010,0,11,11,0,1
"448","BELTA01",2011,0,12,12,0,1
"449","BELTA01",2012,0,12,12,0,1
"450","BELTA01",2014,0,12,12,0,1
"451","BELTA02",2004,0,1,1,0,1
"452","BELTA02",2005,0,1,1,0,1
"453","BELTA02",2006,0,1,1,0,1
"454","BELTA02",2007,0,1,1,0,1
"455","BELTA02",2008,0,1,1,0,1
"456","BELTA02",2009,0,1,1,0,1
"457","BELTA02",2010,0,1,1,0,1
"458","BELTA02",2011,0,1,1,0,1
"459","BELTA02",2012,0,1,1,0,1
"460","BELTA02",2014,0,1,1,0,1
"461","BELTA03",2004,0,5,5,0,1
"462","BELTA03",2005,0,5,5,0,1
"463","BELTA03",2006,0,5,5,0,1
"464","BELTA03",2007,0,5,5,0,1
"465","BELTA03",2008,0,5,5,0,1
"466","BELTA03",2009,0,5,5,0,1
"467","BELTA03",2010,0,5,5,0,1
"468","BELTA03",2011,0,5,5,0,1
"469","BELTA03",2012,0,5,5,0,1
"470","BELTA03",2014,0,5,5,0,1
"471","BELTA04",2004,0,15,15,0,1
"472","BELTA04",2005,0,15,15,0,1
"473","BELTA04",2006,0,15,15,0,1
"474","BELTA04",2007,0,15,15,0,1
"475","BELTA04",2008,0,15,15,0,1
"476","BELTA04",2009,0,15,15,0,1
"477","BELTA04",2010,0,14,14,0,1
"478","BELTA04",2011,0,15,15,0,1
"479","BELTA04",2012,0,18,18,0,1
"480","BELTA04",2014,1,17,18,0,1
"481","BELTA08",2004,0,30,30,0,1
"482","BELTA08",2005,0,30,30,0,1
"483","BELTA08",2006,0,31,31,0,1
"484","BELTA08",2007,0,30,30,0,1
"485","BELTA08",2008,0,25,25,0,1
"486","BELTA08",2009,0,30,30,0,1
"487","BELTA08",2010,0,30,30,0,1
"488","BELTA08",2011,0,29,29,0,1
"489","BELTA08",2012,0,30,30,0,1
"490","BELTA08",2014,1,29,30,0,1
"491","BERGE01",2004,18,35,53,0,1
"492","BERGE01",2005,11,42,53,0,1
"493","BERGE01",2006,8,45,53,0,1
"494","BERGE01",2007,3,50,53,0,1
"495","BERGE01",2008,0,50,51,1,1
"496","BERGE01",2009,0,49,50,1,1
"497","BERGE01",2010,2,49,51,0,1
"498","BERGE01",2011,1,50,51,0,1
"499","BERGE01",2012,0,50,50,0,1
"500","BERGE01",2014,3,46,49,0,1
"501","BOUV01",2004,1,2,3,0,1
"502","BOUV01",2005,4,0,4,0,0
"503","BOUV01",2006,2,2,4,0,1
"504","BOUV01",2007,0,4,4,0,1
"505","BOUV01",2008,0,4,4,0,1
"506","BOUV01",2009,1,3,4,0,1
"507","BOUV01",2010,0,4,4,0,1
"508","BOUV01",2011,0,4,4,0,1
"509","BOUV01",2012,0,4,4,0,1
"510","BOUV01",2014,0,4,4,0,1
"511","BOUV02",2004,4,35,39,0,1
"512","BOUV02",2005,27,17,44,0,1
"513","BOUV02",2006,1,43,44,0,1
"514","BOUV02",2007,0,43,43,0,1
"515","BOUV02",2008,3,39,42,0,1
"516","BOUV02",2009,5,38,43,0,1
"517","BOUV02",2010,1,39,40,0,1
"518","BOUV02",2011,1,45,46,0,1
"519","BOUV02",2012,4,41,45,0,1
"520","BOUV02",2014,2,45,47,0,1
"521","BOUV03",2004,5,8,13,0,1
"522","BOUV03",2005,12,5,17,0,1
"523","BOUV03",2006,12,6,18,0,1
"524","BOUV03",2007,0,18,18,0,1
"525","BOUV03",2008,0,18,18,0,1
"526","BOUV03",2009,2,16,18,0,1
"527","BOUV03",2010,0,18,18,0,1
"528","BOUV03",2011,0,18,18,0,1
"529","BOUV03",2012,0,18,18,0,1
"530","BOUV03",2014,0,18,18,0,1
"531","BOUV09",2003,2,15,17,0,1
"532","BOUV09",2004,12,11,23,0,1
"533","BOUV09",2005,5,33,38,0,1
"534","BOUV09",2006,1,41,42,0,1
"535","BOUV09",2007,1,40,41,0,1
"536","BOUV09",2008,3,39,42,0,1
"537","BOUV09",2009,4,29,33,0,1
"538","BOUV09",2010,0,37,37,0,1
"539","BOUV09",2011,0,39,39,0,1
"540","BOUV09",2012,0,39,39,0,1
"541","BOUV09",2014,0,44,44,0,1
"542","BOWES01",2004,0,10,10,0,1
"543","BOWES01",2005,0,10,10,0,1
"544","BOWES01",2006,0,10,10,0,1
"545","BOWES01",2007,0,10,10,0,1
"546","BOWES01",2008,0,10,10,0,1
"547","BOWES01",2009,0,10,10,0,1
"548","BOWES01",2010,0,10,10,0,1
"549","BOWES01",2011,0,10,10,0,1
"550","BOWES01",2012,0,10,10,0,1
"551","BOWES01",2014,0,10,10,0,1
"552","BOWES02",2004,0,14,14,0,1
"553","BOWES02",2005,1,13,14,0,1
"554","BOWES02",2006,0,14,14,0,1
"555","BOWES02",2007,0,14,14,0,1
"556","BOWES02",2008,0,14,14,0,1
"557","BOWES02",2009,1,13,14,0,1
"558","BOWES02",2010,0,14,14,0,1
"559","BOWES02",2011,0,14,14,0,1
"560","BOWES02",2012,0,14,14,0,1
"561","BOWES02",2014,0,13,13,0,1
"562","BOWES03",2004,0,5,5,0,1
"563","BOWES03",2005,0,5,5,0,1
"564","BOWES03",2006,0,4,5,1,1
"565","BOWES03",2007,0,4,4,0,1
"566","BOWES03",2008,0,4,4,0,1
"567","BOWES03",2009,0,4,4,0,1
"568","BOWES03",2010,0,4,4,0,1
"569","BOWES03",2011,0,4,4,0,1
"570","BOWES03",2012,0,4,4,0,1
"571","BOWES03",2014,0,6,6,0,1
"572","BUSH01",2004,0,3,3,0,1
"573","BUSH01",2005,0,3,3,0,1
"574","COCHR01",2004,6,2,8,0,1
"575","COCHR01",2005,8,0,8,0,0
"576","COCHR01",2006,8,0,8,0,0
"577","COCHR01",2007,6,2,8,0,1
"578","COCHR01",2008,0,7,7,0,1
"579","COCHR01",2009,0,7,7,0,1
"580","COCHR01",2010,0,8,8,0,1
"581","COCHR01",2011,0,9,9,0,1
"582","COCHR01",2012,0,9,9,0,1
"583","COCHR01",2014,0,9,9,0,1
"584","COOK01",2004,1,2,3,0,1
"585","COOK01",2005,0,4,4,0,1
"586","COOK01",2006,0,5,5,0,1
"587","COOK01",2007,0,5,5,0,1
"588","COOK01",2008,0,5,5,0,1
"589","COOK01",2009,0,5,5,0,1
"590","COOK01",2010,0,5,5,0,1
"591","COOK01",2011,0,5,5,0,1
"592","COOK01",2012,0,5,5,0,1
"593","COOK01",2014,0,5,5,0,1
"594","COOK02",2004,0,3,3,0,1
"595","COOK02",2005,1,2,3,0,1
"596","COOK02",2006,1,6,7,0,1
"597","COOK02",2007,0,6,6,0,1
"598","COOK02",2008,0,7,7,0,1
"599","COOK02",2009,0,7,7,0,1
"600","COOK02",2010,0,8,8,0,1
"601","COOK02",2011,0,10,10,0,1
"602","COOK02",2012,0,11,11,0,1
"603","COOK02",2014,0,11,11,0,1
"604","DOMAN01",2004,12,0,12,0,0
"605","DOMAN01",2005,11,0,11,0,0
"606","DOMAN01",2006,5,8,13,0,1
"607","DOMAN01",2007,1,12,13,0,1
"608","DOMAN01",2008,0,14,14,0,1
"609","DOMAN01",2009,0,13,13,0,1
"610","DOMAN01",2010,0,15,15,0,1
"611","DOMAN01",2011,0,15,15,0,1
"612","DOMAN01",2012,0,21,21,0,1
"613","DOMAN01",2014,0,25,25,0,1
"614","ELIOT01",2004,0,15,15,0,1
"615","ELIOT01",2005,0,15,15,0,1
"616","ELIOT01",2006,0,15,15,0,1
"617","ELIOT01",2007,0,15,15,0,1
"618","ELIOT01",2008,0,15,15,0,1
"619","ELIOT01",2009,0,15,15,0,1
"620","ELIOT01",2010,0,15,15,0,1
"621","ELIOT01",2011,0,15,15,0,1
"622","ELIOT01",2012,0,15,15,0,1
"623","ELIOT01",2014,0,15,15,0,1
"624","FERRA01",2004,42,12,54,0,1
"625","FERRA01",2005,42,12,54,0,1
"626","FERRA01",2006,0,54,55,1,1
"627","FERRA01",2007,0,55,55,0,1
"628","FERRA01",2008,0,52,52,0,1
"629","FERRA01",2009,1,51,52,0,1
"630","FERRA01",2010,0,54,54,0,1
"631","FERRA01",2011,0,54,54,0,1
"632","FERRA01",2012,0,51,51,0,1
"633","FERRA01",2014,1,52,53,0,1
"634","FOP04",2004,0,22,22,0,1
"635","FOP04",2005,3,19,22,0,1
"636","FOP04",2006,0,22,22,0,1
"637","FOP04",2007,0,22,22,0,1
"638","FOP04",2008,0,22,22,0,1
"639","FOP04",2009,7,15,22,0,1
"640","FOP04",2010,0,24,24,0,1
"641","FOP04",2011,0,24,24,0,1
"642","FOP04",2012,0,24,24,0,1
"643","FOP04",2014,1,23,24,0,1
"644","FOP324",2004,1,32,33,0,1
"645","FOP324",2005,1,30,31,0,1
"646","FOP324",2006,0,30,31,1,1
"647","FOP324",2007,0,30,31,1,1
"648","FOP324",2008,0,31,31,0,1
"649","FOP324",2009,6,26,32,0,1
"650","FOP324",2010,0,32,32,0,1
"651","FOP324",2011,0,32,33,1,1
"652","FOP324",2012,0,32,32,0,1
"653","FOP324",2014,0,29,29,0,1
"654","FOP333",2004,2,30,32,0,1
"655","FOP333",2005,6,27,33,0,1
"656","FOP333",2006,5,28,33,0,1
"657","FOP333",2007,1,32,33,0,1
"658","FOP333",2008,1,32,33,0,1
"659","FOP333",2009,25,8,33,0,1
"660","FOP333",2010,0,33,33,0,1
"661","FOP333",2011,1,32,33,0,1
"662","FOP333",2012,0,34,34,0,1
"663","FOP333",2014,3,31,34,0,1
"664","FOP340",2003,0,3,3,0,1
"665","FOP340",2004,0,3,3,0,1
"666","FOP340",2005,0,3,3,0,1
"667","FOP340",2006,0,3,3,0,1
"668","FOP340",2007,0,3,3,0,1
"669","FOP340",2008,0,3,3,0,1
"670","FOP340",2009,0,5,5,0,1
"671","FOP340",2010,0,5,5,0,1
"672","FOP340",2011,0,5,5,0,1
"673","FOP340",2012,0,5,5,0,1
"674","FOP340",2014,0,5,5,0,1
"675","FRIDE01",2004,0,3,3,0,1
"676","FRIDE01",2005,2,1,3,0,1
"677","FRIDE01",2006,3,0,3,0,0
"678","FRIDE01",2007,0,3,3,0,1
"679","FRIDE01",2008,0,3,3,0,1
"680","FRIDE01",2009,0,3,3,0,1
"681","FRIDE01",2010,0,3,3,0,1
"682","FRIDE01",2011,0,3,3,0,1
"683","FRIDE01",2012,0,3,3,0,1
"684","FRIDE01",2014,0,3,3,0,1
"685","GANAY01",2004,0,1,1,0,1
"686","GANAY01",2005,0,1,1,0,1
"687","GANAY01",2006,0,1,1,0,1
"688","GANAY01",2007,0,1,1,0,1
"689","GANAY01",2008,0,1,1,0,1
"690","GANAY01",2009,0,1,1,0,1
"691","GANAY01",2010,0,1,1,0,1
"692","GANAY01",2011,0,1,1,0,1
"693","GANAY01",2012,0,1,1,0,1
"694","GANAY01",2014,0,1,1,0,1
"695","GANAY02",2004,5,5,10,0,1
"696","GANAY02",2005,6,4,10,0,1
"697","GANAY02",2006,0,9,9,0,1
"698","GANAY02",2007,0,8,8,0,1
"699","GANAY02",2008,0,8,8,0,1
"700","GANAY02",2009,1,7,8,0,1
"701","GANAY02",2010,0,8,8,0,1
"702","GANAY02",2011,0,8,8,0,1
"703","GANAY02",2012,0,8,8,0,1
"704","GANAY02",2014,1,7,8,0,1
"705","GARD01",2004,24,0,24,0,0
"706","GARD01",2005,24,0,24,0,0
"707","GARD01",2006,23,0,23,0,0
"708","GARD01",2007,24,0,24,0,0
"709","GARD01",2008,0,21,22,1,1
"710","GARD01",2009,1,20,22,1,1
"711","GARD01",2010,1,21,22,0,1
"712","GARD01",2011,2,21,23,0,1
"713","GARD01",2012,1,23,24,0,1
"714","GARD01",2014,0,21,21,0,1
"715","HALLO01",2014,0,1,1,0,1
"716","HALOW02",2004,0,16,16,0,1
"717","HALOW02",2005,1,15,16,0,1
"718","HALOW02",2006,0,16,16,0,1
"719","HALOW02",2007,0,16,16,0,1
"720","HALOW02",2008,0,16,16,0,1
"721","HALOW02",2009,1,15,16,0,1
"722","HALOW02",2010,0,17,17,0,1
"723","HALOW02",2011,0,17,17,0,1
"724","HALOW02",2012,0,19,19,0,1
"725","HALOW02",2014,1,18,19,0,1
"726","HOOD01",2004,25,42,67,0,1
"727","HOOD01",2005,28,30,58,0,1
"728","HOOD01",2006,0,67,68,1,1
"729","HOOD01",2007,0,72,72,0,1
"730","HOOD01",2008,0,70,70,0,1
"731","HOOD01",2009,4,66,70,0,1
"732","HOOD01",2010,0,71,71,0,1
"733","HOOD01",2011,0,71,71,0,1
"734","HOOD01",2012,0,72,72,0,1
"735","HOOD01",2014,5,68,73,0,1
"736","HOOD02",2004,51,17,69,1,1
"737","HOOD02",2005,61,8,69,0,1
"738","HOOD02",2006,48,18,66,0,1
"739","HOOD02",2007,7,60,67,0,1
"740","HOOD02",2008,5,59,64,0,1
"741","HOOD02",2009,0,66,66,0,1
"742","HOOD02",2010,0,65,65,0,1
"743","HOOD02",2011,1,64,65,0,1
"744","HOOD02",2012,0,66,67,1,1
"745","HOOD02",2014,2,64,66,0,1
"746","HOOD03",2004,6,0,6,0,0
"747","HOOD03",2005,4,2,6,0,1
"748","HOOD03",2006,0,8,8,0,1
"749","HOOD03",2007,0,8,8,0,1
"750","HOOD03",2008,0,8,8,0,1
"751","HOOD03",2009,3,5,8,0,1
"752","HOOD03",2010,0,6,7,1,1
"753","HOOD03",2011,0,7,7,0,1
"754","HOOD03",2012,0,8,8,0,1
"755","HOOD03",2014,0,7,7,0,1
"756","HOOD04",2004,0,6,6,0,1
"757","HOOD04",2005,0,7,7,0,1
"758","HOOD04",2006,0,8,8,0,1
"759","HOOD04",2007,0,7,7,0,1
"760","HOOD04",2008,0,7,7,0,1
"761","HOOD04",2009,0,8,8,0,1
"762","HOOD04",2010,0,8,8,0,1
"763","HOOD04",2011,0,8,8,0,1
"764","HOOD04",2012,0,8,8,0,1
"765","HOOD04",2014,0,9,9,0,1
"766","HOOD05",2004,44,10,54,0,1
"767","HOOD05",2005,26,26,52,0,1
"768","HOOD05",2006,37,19,57,1,1
"769","HOOD05",2007,26,28,57,3,1
"770","HOOD05",2008,0,53,57,4,1
"771","HOOD05",2009,21,31,55,3,1
"772","HOOD05",2010,12,45,57,0,1
"773","HOOD05",2011,0,50,50,0,1
"774","HOOD05",2012,3,51,54,0,1
"775","HOOD05",2014,1,54,55,0,1
"776","HOOD07",2004,10,0,10,0,0
"777","HOOD07",2005,8,1,9,0,1
"778","HOOD07",2006,4,3,9,2,1
"779","HOOD07",2007,3,4,9,2,1
"780","HOOD07",2008,0,7,10,3,1
"781","HOOD07",2009,2,4,9,3,1
"782","HOOD07",2010,0,10,10,0,1
"783","HOOD07",2011,0,8,8,0,1
"784","HOOD07",2012,0,8,8,0,1
"785","HOOD07",2014,0,9,9,0,1
"786","JLSP01",2004,0,6,6,0,1
"787","JLSP01",2005,0,6,6,0,1
"788","JLSP01",2006,0,6,6,0,1
"789","JLSP01",2007,0,6,6,0,1
"790","JLSP01",2008,0,6,6,0,1
"791","JLSP01",2009,0,6,6,0,1
"792","JLSP01",2010,0,6,6,0,1
"793","JLSP01",2011,0,6,6,0,1
"794","JLSP01",2012,0,7,7,0,1
"795","JLSP01",2014,0,7,7,0,1
"796","JLSP02",2004,0,1,1,0,1
"797","JLSP02",2005,0,1,1,0,1
"798","JLSP02",2006,0,1,1,0,1
"799","JLSP02",2007,0,1,1,0,1
"800","JLSP02",2008,0,1,1,0,1
"801","JLSP02",2009,0,1,1,0,1
"802","JLSP02",2010,0,2,2,0,1
"803","JLSP02",2011,0,2,2,0,1
"804","JLSP02",2012,0,1,1,0,1
"805","JLSP02",2014,0,2,2,0,1
"806","JLSP03",2004,0,25,25,0,1
"807","JLSP03",2005,0,26,26,0,1
"808","JLSP03",2006,0,27,27,0,1
"809","JLSP03",2007,0,27,27,0,1
"810","JLSP03",2008,0,27,27,0,1
"811","JLSP03",2009,3,24,27,0,1
"812","JLSP03",2010,1,26,28,1,1
"813","JLSP03",2011,0,27,27,0,1
"814","JLSP03",2012,0,28,28,0,1
"815","JLSP03",2014,0,31,31,0,1
"816","JLSP04",2004,0,9,9,0,1
"817","JLSP04",2005,1,9,10,0,1
"818","JLSP04",2006,0,9,10,1,1
"819","JLSP04",2007,0,10,10,0,1
"820","JLSP04",2008,0,9,9,0,1
"821","JLSP04",2009,2,5,8,1,1
"822","JLSP04",2010,0,8,8,0,1
"823","JLSP04",2011,0,9,9,0,1
"824","JLSP04",2012,0,10,10,0,1
"825","JLSP04",2014,0,11,11,0,1
"826","JLSP05",2004,0,25,25,0,1
"827","JLSP05",2005,0,25,25,0,1
"828","JLSP05",2006,0,25,25,0,1
"829","JLSP05",2007,0,24,24,0,1
"830","JLSP05",2008,1,23,24,0,1
"831","JLSP05",2009,0,19,20,1,1
"832","JLSP05",2010,0,24,24,0,1
"833","JLSP05",2011,0,25,25,0,1
"834","JLSP05",2012,0,23,23,0,1
"835","JLSP05",2014,0,23,23,0,1
"836","JLSP07",2003,1,0,1,0,0
"837","JLSP07",2004,0,6,6,0,1
"838","JLSP07",2005,0,6,6,0,1
"839","JLSP07",2006,0,6,6,0,1
"840","JLSP07",2007,0,6,6,0,1
"841","JLSP07",2008,0,6,6,0,1
"842","JLSP07",2009,0,6,6,0,1
"843","JLSP07",2010,0,6,6,0,1
"844","JLSP07",2011,0,5,5,0,1
"845","JLSP07",2012,1,4,5,0,1
"846","JLSP07",2014,0,5,5,0,1
"847","JLSP08",2004,0,11,11,0,1
"848","JLSP08",2005,0,10,10,0,1
"849","JLSP08",2006,0,10,10,0,1
"850","JLSP08",2007,0,10,10,0,1
"851","JLSP08",2008,0,11,12,1,1
"852","JLSP08",2009,0,11,12,1,1
"853","JLSP08",2010,0,12,12,0,1
"854","JLSP08",2011,0,11,12,1,1
"855","JLSP08",2012,0,12,12,0,1
"856","JLSP08",2014,0,14,14,0,1
"857","JLSP10",2004,0,15,15,0,1
"858","JLSP10",2005,0,15,15,0,1
"859","JLSP10",2006,0,15,15,0,1
"860","JLSP10",2007,0,16,16,0,1
"861","JLSP10",2008,0,16,16,0,1
"862","JLSP10",2009,1,15,16,0,1
"863","JLSP10",2010,0,15,15,0,1
"864","JLSP10",2011,0,16,16,0,1
"865","JLSP10",2012,0,19,19,0,1
"866","JLSP10",2014,0,18,18,0,1
"867","JLSP13",2004,0,5,5,0,1
"868","JLSP13",2005,0,5,5,0,1
"869","JLSP13",2006,0,6,6,0,1
"870","JLSP13",2007,0,5,5,0,1
"871","JLSP13",2008,0,6,6,0,1
"872","JLSP13",2009,0,5,5,0,1
"873","JLSP13",2010,0,8,8,0,1
"874","JLSP13",2011,0,8,8,0,1
"875","JLSP13",2012,0,8,8,0,1
"876","JLSP13",2014,0,9,9,0,1
"877","JLSP14",2003,0,4,4,0,1
"878","JLSP14",2004,0,4,4,0,1
"879","JLSP14",2005,0,4,4,0,1
"880","JLSP14",2006,0,4,4,0,1
"881","JLSP14",2007,0,4,4,0,1
"882","JLSP14",2008,0,4,4,0,1
"883","JLSP14",2009,0,4,4,0,1
"884","JLSP14",2010,0,5,5,0,1
"885","JLSP14",2011,0,5,5,0,1
"886","JLSP14",2012,0,5,5,0,1
"887","JLSP14",2014,0,6,6,0,1
"888","JLSP15",2004,0,9,9,0,1
"889","JLSP15",2005,0,9,9,0,1
"890","JLSP15",2006,0,9,9,0,1
"891","JLSP15",2007,0,9,9,0,1
"892","JLSP15",2008,0,8,9,1,1
"893","JLSP15",2009,0,9,9,0,1
"894","JLSP15",2010,0,9,9,0,1
"895","JLSP15",2011,0,9,9,0,1
"896","JLSP15",2012,0,10,10,0,1
"897","JLSP15",2014,0,10,10,0,1
"898","JLSP16",2004,0,3,3,0,1
"899","JLSP16",2005,0,3,3,0,1
"900","JLSP16",2006,0,3,3,0,1
"901","JLSP16",2007,0,4,4,0,1
"902","JLSP16",2008,0,4,4,0,1
"903","JLSP16",2009,0,4,4,0,1
"904","JLSP16",2010,0,4,4,0,1
"905","JLSP16",2011,0,4,4,0,1
"906","JLSP16",2012,0,6,6,0,1
"907","JLSP16",2014,0,6,6,0,1
"908","JLSP17",2004,1,13,14,0,1
"909","JLSP17",2005,3,11,14,0,1
"910","JLSP17",2006,1,13,14,0,1
"911","JLSP17",2007,0,14,14,0,1
"912","JLSP17",2008,0,14,14,0,1
"913","JLSP17",2009,0,14,14,0,1
"914","JLSP17",2010,0,14,14,0,1
"915","JLSP17",2011,0,14,14,0,1
"916","JLSP17",2012,0,14,14,0,1
"917","JLSP17",2014,0,15,15,0,1
"918","JOHNS01",2004,0,11,11,0,1
"919","JOHNS01",2005,0,11,11,0,1
"920","JOHNS01",2006,0,12,12,0,1
"921","JOHNS01",2007,0,12,12,0,1
"922","JOHNS01",2008,0,12,12,0,1
"923","JOHNS01",2009,0,11,11,0,1
"924","JOHNS01",2010,0,15,15,0,1
"925","JOHNS01",2011,0,15,15,0,1
"926","JOHNS01",2012,0,17,17,0,1
"927","JOHNS01",2014,0,20,20,0,1
"928","JOHNS02",2003,1,0,1,0,0
"929","JOHNS02",2004,1,0,1,0,0
"930","JOHNS02",2005,1,0,1,0,0
"931","JOHNS02",2006,0,1,1,0,1
"932","JOHNS02",2007,0,1,1,0,1
"933","JOHNS02",2008,0,1,1,0,1
"934","JOHNS02",2009,0,1,1,0,1
"935","JOHNS02",2010,0,2,2,0,1
"936","JOHNS02",2011,0,2,2,0,1
"937","JOHNS02",2012,0,2,2,0,1
"938","JOHNS02",2014,0,2,2,0,1
"939","JROTH01",2004,0,14,14,0,1
"940","JROTH01",2005,0,14,14,0,1
"941","JROTH01",2006,0,14,14,0,1
"942","JROTH01",2007,0,15,15,0,1
"943","JROTH01",2008,0,15,15,0,1
"944","JROTH01",2009,3,12,15,0,1
"945","JROTH01",2010,0,15,15,0,1
"946","JROTH01",2011,0,15,15,0,1
"947","JROTH01",2012,0,15,15,0,1
"948","JROTH01",2014,1,14,15,0,1
"949","JROTH02",2004,0,19,19,0,1
"950","JROTH02",2005,2,18,20,0,1
"951","JROTH02",2006,1,19,20,0,1
"952","JROTH02",2007,0,20,20,0,1
"953","JROTH02",2008,0,20,20,0,1
"954","JROTH02",2009,0,19,19,0,1
"955","JROTH02",2010,1,19,20,0,1
"956","JROTH02",2011,2,18,20,0,1
"957","JROTH02",2012,0,20,20,0,1
"958","JROTH02",2014,1,19,20,0,1
"959","JROTH03",2004,2,25,27,0,1
"960","JROTH03",2005,0,27,27,0,1
"961","JROTH03",2006,4,23,27,0,1
"962","JROTH03",2007,1,33,35,1,1
"963","JROTH03",2008,5,28,34,1,1
"964","JROTH03",2009,0,33,33,0,1
"965","JROTH03",2010,1,31,32,0,1
"966","JROTH03",2011,3,29,32,0,1
"967","JROTH03",2012,0,33,33,0,1
"968","JROTH03",2014,3,29,32,0,1
"969","JROTH04",2004,0,4,4,0,1
"970","JROTH04",2005,0,4,4,0,1
"971","JROTH04",2006,1,3,4,0,1
"972","JROTH04",2007,1,3,4,0,1
"973","JROTH04",2008,0,3,3,0,1
"974","JROTH04",2009,0,3,3,0,1
"975","JROTH04",2010,1,2,3,0,1
"976","JROTH04",2011,0,3,3,0,1
"977","JROTH04",2012,0,3,3,0,1
"978","JROTH04",2014,0,2,2,0,1
"979","JROTH05",2004,2,42,45,1,1
"980","JROTH05",2005,2,43,45,0,1
"981","JROTH05",2006,4,40,44,0,1
"982","JROTH05",2007,1,41,43,1,1
"983","JROTH05",2008,4,38,43,1,1
"984","JROTH05",2009,8,34,42,0,1
"985","JROTH05",2010,0,42,44,2,1
"986","JROTH05",2011,0,42,42,0,1
"987","JROTH05",2012,0,43,43,0,1
"988","JROTH05",2014,2,40,42,0,1
"989","KLASS01",2004,1,0,1,0,0
"990","KLASS01",2005,1,0,1,0,0
"991","KLASS01",2006,0,1,1,0,1
"992","KLASS01",2007,0,1,1,0,1
"993","KLASS01",2008,0,1,1,0,1
"994","KLASS01",2009,0,1,1,0,1
"995","KLASS01",2010,0,1,1,0,1
"996","KLASS01",2011,0,1,1,0,1
"997","KLASS01",2012,0,1,1,0,1
"998","KLASS01",2014,0,1,1,0,1
"999","KLASS02",2004,0,12,12,0,1
"1000","KLASS02",2005,0,12,12,0,1
"1001","KLASS02",2006,0,12,12,0,1
"1002","KLASS02",2007,0,12,12,0,1
"1003","KLASS02",2008,0,11,11,0,1
"1004","KLASS02",2009,0,12,12,0,1
"1005","KLASS02",2010,0,12,12,0,1
"1006","KLASS02",2011,0,11,12,1,1
"1007","KLASS02",2012,0,13,13,0,1
"1008","KLASS02",2014,0,13,13,0,1
"1009","KUNDE01",2004,2,3,5,0,1
"1010","KUNDE01",2005,5,0,5,0,0
"1011","KUNDE01",2006,2,3,5,0,1
"1012","KUNDE01",2007,0,5,5,0,1
"1013","KUNDE01",2008,0,5,5,0,1
"1014","KUNDE01",2009,0,5,5,0,1
"1015","KUNDE01",2010,0,5,5,0,1
"1016","KUNDE01",2011,0,5,5,0,1
"1017","KUNDE01",2012,0,6,6,0,1
"1018","KUNDE01",2014,0,6,6,0,1
"1019","KUNDE02",2004,3,2,5,0,1
"1020","KUNDE02",2005,4,1,5,0,1
"1021","KUNDE02",2006,3,2,5,0,1
"1022","KUNDE02",2007,0,5,5,0,1
"1023","KUNDE02",2008,0,5,5,0,1
"1024","KUNDE02",2009,1,4,5,0,1
"1025","KUNDE02",2010,0,5,5,0,1
"1026","KUNDE02",2011,0,6,6,0,1
"1027","KUNDE02",2012,0,11,11,0,1
"1028","KUNDE02",2014,0,11,11,0,1
"1029","KUNDE04",2004,1,2,3,0,1
"1030","KUNDE04",2005,3,0,3,0,0
"1031","KUNDE04",2006,0,3,3,0,1
"1032","KUNDE04",2007,0,3,3,0,1
"1033","KUNDE04",2008,0,3,3,0,1
"1034","KUNDE04",2009,1,2,3,0,1
"1035","KUNDE04",2010,0,3,3,0,1
"1036","KUNDE04",2011,0,3,3,0,1
"1037","KUNDE04",2012,0,3,3,0,1
"1038","KUNDE04",2014,0,3,3,0,1
"1039","LARS01",2004,15,0,15,0,0
"1040","LARS01",2005,16,0,16,0,0
"1041","LARS01",2006,14,2,16,0,1
"1042","LARS01",2007,11,5,16,0,1
"1043","LARS01",2008,0,16,16,0,1
"1044","LARS01",2009,0,16,16,0,1
"1045","LARS01",2010,3,13,16,0,1
"1046","LARS01",2011,1,15,16,0,1
"1047","LARS01",2012,0,16,16,0,1
"1048","LARS01",2014,0,16,16,0,1
"1049","LAZY04",2004,22,45,67,0,1
"1050","LAZY04",2005,25,43,68,0,1
"1051","LAZY04",2006,6,61,68,1,1
"1052","LAZY04",2007,0,67,67,0,1
"1053","LAZY04",2008,0,66,66,0,1
"1054","LAZY04",2009,1,64,65,0,1
"1055","LAZY04",2010,0,68,68,0,1
"1056","LAZY04",2011,1,75,76,0,1
"1057","LAZY04",2012,3,80,83,0,1
"1058","LAZY04",2014,2,79,81,0,1
"1059","LAZY05",2004,3,1,4,0,1
"1060","LAZY05",2005,2,2,4,0,1
"1061","LAZY05",2006,4,0,4,0,0
"1062","LAZY05",2007,0,4,4,0,1
"1063","LAZY05",2008,0,4,4,0,1
"1064","LAZY05",2009,0,4,4,0,1
"1065","LAZY05",2010,0,4,4,0,1
"1066","LAZY05",2011,0,4,4,0,1
"1067","LAZY05",2012,0,6,6,0,1
"1068","LAZY05",2014,0,8,8,0,1
"1069","LINS01",2004,1,15,16,0,1
"1070","LINS01",2005,0,17,17,0,1
"1071","LINS01",2006,0,20,20,0,1
"1072","LINS01",2007,1,19,20,0,1
"1073","LINS01",2008,0,19,19,0,1
"1074","LINS01",2009,0,15,15,0,1
"1075","LINS01",2010,0,15,15,0,1
"1076","LINS01",2011,0,15,15,0,1
"1077","LINS01",2012,0,17,17,0,1
"1078","LINS01",2014,0,18,18,0,1
"1079","LUPIN01",2004,1,8,9,0,1
"1080","LUPIN01",2005,0,12,12,0,1
"1081","LUPIN01",2006,0,12,12,0,1
"1082","LUPIN01",2007,1,10,12,1,1
"1083","LUPIN01",2008,0,9,11,2,1
"1084","LUPIN01",2009,0,9,9,0,1
"1085","LUPIN01",2010,1,11,12,0,1
"1086","LUPIN01",2011,0,11,11,0,1
"1087","LUPIN01",2012,0,12,12,0,1
"1088","LUPIN01",2014,0,11,11,0,1
"1089","MACKI01",2004,0,1,1,0,1
"1090","MACKI01",2005,1,0,1,0,0
"1091","MACKI01",2006,0,1,1,0,1
"1092","MACKI01",2007,0,1,1,0,1
"1093","MACKI01",2008,0,1,1,0,1
"1094","MACKI01",2009,0,1,1,0,1
"1095","MACKI01",2010,0,1,1,0,1
"1096","MACKI01",2011,0,1,1,0,1
"1097","MACKI01",2012,0,1,1,0,1
"1098","MACKI01",2014,0,1,1,0,1
"1099","MCCOR01",2004,0,7,7,0,1
"1100","MCCOR01",2005,0,7,7,0,1
"1101","MCCOR01",2006,1,6,7,0,1
"1102","MCCOR01",2007,1,6,7,0,1
"1103","MCCOR01",2008,0,7,7,0,1
"1104","MCCOR01",2009,1,6,7,0,1
"1105","MCCOR01",2010,0,9,9,0,1
"1106","MCCOR01",2011,0,9,9,0,1
"1107","MCCOR01",2012,0,9,9,0,1
"1108","MCCOR01",2014,0,10,10,0,1
"1109","MCCOR05",2004,4,3,7,0,1
"1110","MCCOR05",2005,2,5,7,0,1
"1111","MCCOR05",2006,1,7,8,0,1
"1112","MCCOR05",2007,0,8,8,0,1
"1113","MCCOR05",2008,0,8,8,0,1
"1114","MCCOR05",2009,0,8,8,0,1
"1115","MCCOR05",2010,0,8,8,0,1
"1116","MCCOR05",2011,0,8,8,0,1
"1117","MCCOR05",2012,0,8,8,0,1
"1118","MCCOR05",2014,0,8,8,0,1
"1119","MCNEIL01",2004,18,1,19,0,1
"1120","MCNEIL01",2005,18,1,19,0,1
"1121","MCNEIL01",2006,20,0,20,0,0
"1122","MCNEIL01",2007,0,21,21,0,1
"1123","MCNEIL01",2008,0,21,21,0,1
"1124","MCNEIL03",2004,10,0,10,0,0
"1125","MCNEIL03",2005,7,3,10,0,1
"1126","MCNEIL03",2006,10,0,10,0,0
"1127","MCNEIL03",2007,10,0,10,0,0
"1128","MCNEIL03",2008,9,3,12,0,1
"1129","MCNEIL03",2009,0,12,12,0,1
"1130","MCNEIL03",2010,1,11,12,0,1
"1131","MCNEIL03",2011,0,15,15,0,1
"1132","MCNEIL03",2012,1,14,15,0,1
"1133","MESCH01",2004,2,21,23,0,1
"1134","MESCH01",2005,6,17,23,0,1
"1135","MESCH01",2006,0,24,24,0,1
"1136","MESCH01",2007,1,22,23,0,1
"1137","MESCH01",2008,2,21,23,0,1
"1138","MESCH01",2009,0,23,23,0,1
"1139","MESCH01",2010,0,24,24,0,1
"1140","MESCH01",2011,0,24,24,0,1
"1141","MESCH01",2012,0,23,23,0,1
"1142","MESCH01",2014,1,22,23,0,1
"1143","MITSU01",2004,0,16,16,0,1
"1144","MITSU01",2005,0,16,16,0,1
"1145","MITSU01",2006,0,17,17,0,1
"1146","MITSU01",2007,0,18,18,0,1
"1147","MITSU01",2008,0,18,18,0,1
"1148","MITSU01",2009,0,18,18,0,1
"1149","MITSU01",2010,0,18,18,0,1
"1150","MITSU01",2011,0,19,19,0,1
"1151","MITSU01",2012,0,19,19,0,1
"1152","MITSU01",2014,0,17,17,0,1
"1153","MITSU02",2003,0,4,4,0,1
"1154","MITSU02",2005,0,4,4,0,1
"1155","MITSU02",2006,0,4,4,0,1
"1156","MITSU02",2007,0,4,4,0,1
"1157","MITSU02",2008,0,4,4,0,1
"1158","MITSU02",2009,1,3,4,0,1
"1159","MITSU02",2010,0,4,4,0,1
"1160","MITSU02",2011,0,4,4,0,1
"1161","MITSU02",2012,0,4,4,0,1
"1162","MITSU02",2014,0,4,4,0,1
"1163","MITSU03",2004,0,9,9,0,1
"1164","MITSU03",2005,0,11,11,0,1
"1165","MITSU03",2006,0,11,11,0,1
"1166","MITSU03",2007,1,10,11,0,1
"1167","MITSU03",2008,0,10,10,0,1
"1168","MITSU03",2009,0,10,10,0,1
"1169","MITSU03",2010,0,10,10,0,1
"1170","MITSU03",2011,0,10,10,0,1
"1171","MITSU03",2012,0,10,10,0,1
"1172","MITSU03",2014,0,10,10,0,1
"1173","MITSU04",2004,0,2,2,0,1
"1174","MITSU04",2005,0,3,3,0,1
"1175","MITSU04",2006,0,3,3,0,1
"1176","MITSU04",2007,0,3,3,0,1
"1177","MITSU04",2008,0,3,3,0,1
"1178","MITSU04",2009,0,3,3,0,1
"1179","MITSU04",2010,0,6,6,0,1
"1180","MITSU04",2011,0,7,7,0,1
"1181","MITSU04",2012,0,7,7,0,1
"1182","MITSU04",2014,0,7,7,0,1
"1183","MOREL01",2004,1,8,9,0,1
"1184","MOREL01",2005,4,5,9,0,1
"1185","MOREL01",2006,0,10,10,0,1
"1186","MOREL01",2007,0,10,10,0,1
"1187","MOREL01",2008,0,11,11,0,1
"1188","MOREL01",2009,0,11,11,0,1
"1189","MOREL01",2010,0,11,11,0,1
"1190","MOREL01",2011,1,10,11,0,1
"1191","MOREL01",2012,0,10,10,0,1
"1192","MOREL01",2014,0,10,10,0,1
"1193","MOREL02",2004,0,5,5,0,1
"1194","MOREL02",2005,5,0,5,0,0
"1195","MOREL02",2006,0,5,5,0,1
"1196","MOREL02",2007,0,5,5,0,1
"1197","MOREL02",2008,0,5,5,0,1
"1198","MOREL02",2009,0,5,5,0,1
"1199","MOREL02",2010,0,6,6,0,1
"1200","MOREL02",2011,0,6,6,0,1
"1201","MOREL02",2012,0,6,6,0,1
"1202","MOREL02",2014,0,8,8,0,1
"1203","MROTH01",2004,0,18,18,0,1
"1204","MROTH01",2005,0,19,19,0,1
"1205","MROTH01",2006,0,19,19,0,1
"1206","MROTH01",2007,0,19,19,0,1
"1207","MROTH01",2008,0,19,19,0,1
"1208","MROTH01",2009,0,19,19,0,1
"1209","MROTH01",2010,0,20,20,0,1
"1210","MROTH01",2011,0,20,20,0,1
"1211","MROTH01",2012,0,20,20,0,1
"1212","MROTH01",2014,0,20,20,0,1
"1213","MROTH02",2004,1,12,13,0,1
"1214","MROTH02",2005,0,12,12,0,1
"1215","MROTH02",2006,0,12,12,0,1
"1216","MROTH02",2007,0,12,12,0,1
"1217","MROTH02",2008,0,12,12,0,1
"1218","MROTH02",2009,0,12,12,0,1
"1219","MROTH02",2010,0,12,12,0,1
"1220","MROTH02",2011,0,14,14,0,1
"1221","MROTH02",2012,0,14,14,0,1
"1222","MROTH02",2014,0,16,16,0,1
"1223","MUTTE01",2004,21,14,35,0,1
"1224","MUTTE01",2005,20,15,35,0,1
"1225","MUTTE01",2006,12,23,35,0,1
"1226","MUTTE01",2007,3,33,36,0,1
"1227","MUTTE01",2008,1,35,36,0,1
"1228","MUTTE01",2009,0,35,36,1,1
"1229","MUTTE01",2010,0,36,36,0,1
"1230","MUTTE01",2011,0,37,37,0,1
"1231","MUTTE01",2012,0,39,39,0,1
"1232","MUTTE01",2014,1,39,40,0,1
"1233","MUTTE02",2004,0,21,21,0,1
"1234","MUTTE02",2005,0,21,21,0,1
"1235","MUTTE02",2006,0,21,21,0,1
"1236","MUTTE02",2007,0,23,23,0,1
"1237","MUTTE02",2008,0,23,23,0,1
"1238","MUTTE02",2009,0,23,23,0,1
"1239","MUTTE02",2010,0,24,24,0,1
"1240","MUTTE02",2011,0,23,23,0,1
"1241","MUTTE02",2012,0,22,22,0,1
"1242","MUTTE02",2014,1,24,25,0,1
"1243","NELSO01",2004,3,2,5,0,1
"1244","NELSO01",2005,2,3,5,0,1
"1245","NELSO01",2006,4,1,5,0,1
"1246","NELSO01",2007,0,5,5,0,1
"1247","NELSO01",2008,0,5,5,0,1
"1248","NELSO01",2009,0,5,5,0,1
"1249","NELSO01",2010,0,7,7,0,1
"1250","NELSO01",2011,0,7,7,0,1
"1251","NELSO01",2012,0,8,8,0,1
"1252","NELSO01",2014,0,8,8,0,1
"1253","NELSO02",2004,9,0,9,0,0
"1254","NELSO02",2005,7,2,9,0,1
"1255","NELSO02",2006,9,0,9,0,0
"1256","NELSO02",2007,3,6,9,0,1
"1257","NELSO02",2008,0,9,9,0,1
"1258","NELSO02",2009,0,8,8,0,1
"1259","NELSO02",2010,0,8,8,0,1
"1260","NELSO02",2011,1,7,8,0,1
"1261","NELSO02",2012,0,8,8,0,1
"1262","NELSO02",2014,0,8,8,0,1
"1263","OTELL01",2004,0,4,4,0,1
"1264","OTELL01",2005,4,0,4,0,0
"1265","OTELL01",2006,1,3,4,0,1
"1266","OTELL01",2007,0,4,4,0,1
"1267","OTELL01",2008,0,4,4,0,1
"1268","OTELL01",2009,0,4,4,0,1
"1269","OTELL01",2010,0,3,4,1,1
"1270","OTELL01",2011,0,4,4,0,1
"1271","OTELL01",2012,0,7,7,0,1
"1272","OTELL01",2014,0,7,7,0,1
"1273","PARDI01",2004,0,20,20,0,1
"1274","PARDI01",2005,0,20,20,0,1
"1275","PARDI01",2006,0,20,20,0,1
"1276","PARDI01",2007,1,19,20,0,1
"1277","PARDI01",2008,0,19,19,0,1
"1278","PARDI01",2009,2,17,19,0,1
"1279","PARDI01",2010,1,18,19,0,1
"1280","PARDI01",2011,0,19,19,0,1
"1281","PARDI01",2012,0,20,20,0,1
"1282","PARDI01",2014,0,20,20,0,1
"1283","PARSO01",2004,0,2,2,0,1
"1284","PARSO01",2005,3,0,3,0,0
"1285","PARSO01",2006,3,0,3,0,0
"1286","PARSO01",2007,0,3,3,0,1
"1287","PARSO01",2008,0,3,3,0,1
"1288","PARSO01",2009,0,3,3,0,1
"1289","PARSO01",2010,0,3,3,0,1
"1290","PARSO01",2011,0,3,3,0,1
"1291","PARSO01",2012,0,3,3,0,1
"1292","PARSO01",2014,0,3,3,0,1
"1293","PETSN01",2004,0,8,8,0,1
"1294","PETSN01",2005,3,5,8,0,1
"1295","PETSN01",2006,0,9,9,0,1
"1296","PETSN01",2007,0,8,8,0,1
"1297","PETSN01",2008,0,8,8,0,1
"1298","PETSN01",2009,1,7,8,0,1
"1299","PETSN01",2010,0,8,8,0,1
"1300","PETSN01",2011,0,8,8,0,1
"1301","PETSN01",2012,0,8,8,0,1
"1302","PETSN01",2014,0,9,9,0,1
"1303","PFEND02",2004,0,11,11,0,1
"1304","PFEND02",2005,0,11,11,0,1
"1305","PFEND02",2006,0,11,11,0,1
"1306","PFEND02",2007,0,11,11,0,1
"1307","PFEND02",2008,0,11,11,0,1
"1308","PFEND02",2009,0,11,11,0,1
"1309","PFEND02",2010,0,11,11,0,1
"1310","PFEND02",2011,0,11,11,0,1
"1311","PFEND02",2012,0,13,13,0,1
"1312","PFEND02",2014,0,17,17,0,1
"1313","PONTI02",2004,10,56,66,0,1
"1314","PONTI02",2005,15,49,65,1,1
"1315","PONTI02",2006,0,69,69,0,1
"1316","PONTI02",2007,0,68,68,0,1
"1317","PONTI02",2008,0,67,67,0,1
"1318","PONTI02",2009,2,66,68,0,1
"1319","PONTI02",2010,0,70,70,0,1
"1320","PONTI02",2011,1,66,67,0,1
"1321","PONTI02",2012,0,69,69,0,1
"1322","PONTI02",2014,7,61,68,0,1
"1323","REDDE01",2004,8,0,8,0,0
"1324","REDDE01",2005,0,8,8,0,1
"1325","REDDE01",2006,1,7,9,1,1
"1326","REDDE01",2007,1,7,9,1,1
"1327","REDDE01",2008,0,8,9,1,1
"1328","REDDE01",2009,0,8,9,1,1
"1329","REDDE01",2010,0,9,9,0,1
"1330","REDDE01",2011,0,8,8,0,1
"1331","REDDE01",2012,0,9,9,0,1
"1332","REDDE01",2014,0,8,8,0,1
"1333","REDDE02",2004,1,1,2,0,1
"1334","REDDE02",2005,0,2,2,0,1
"1335","REDDE02",2006,0,2,2,0,1
"1336","REDDE02",2007,0,2,2,0,1
"1337","REDDE02",2008,0,2,2,0,1
"1338","REDDE02",2009,0,3,3,0,1
"1339","REDDE02",2010,0,3,3,0,1
"1340","REDDE02",2011,0,3,3,0,1
"1341","REDDE02",2012,0,3,3,0,1
"1342","REDDE02",2014,0,3,3,0,1
"1343","SAWI01",2004,0,16,16,0,1
"1344","SAWI01",2005,2,14,16,0,1
"1345","SAWI01",2006,0,19,19,0,1
"1346","SAWI01",2007,0,19,19,0,1
"1347","SAWI01",2008,0,19,19,0,1
"1348","SAWI01",2009,0,19,19,0,1
"1349","SAWI01",2010,0,19,19,0,1
"1350","SAWI01",2011,0,19,19,0,1
"1351","SAWI01",2012,0,19,19,0,1
"1352","SAWI01",2014,0,19,19,0,1
"1353","SCHIEK01",2004,5,8,13,0,1
"1354","SCHIEK01",2005,5,8,13,0,1
"1355","SCHIEK01",2006,1,12,13,0,1
"1356","SCHIEK01",2007,0,13,13,0,1
"1357","SCHIEK01",2008,0,13,13,0,1
"1358","SCHIEK01",2009,0,13,13,0,1
"1359","SCHIEK01",2010,0,13,13,0,1
"1360","SCHIEK01",2011,0,13,13,0,1
"1361","SCHIEK01",2012,0,13,13,0,1
"1362","SCHIEK01",2014,0,13,13,0,1
"1363","SDC01",2004,0,8,8,0,1
"1364","SDC01",2005,0,8,8,0,1
"1365","SDC01",2006,0,8,8,0,1
"1366","SDC01",2007,0,8,8,0,1
"1367","SDC01",2008,0,8,8,0,1
"1368","SDC01",2009,0,8,8,0,1
"1369","SDC01",2010,0,8,8,0,1
"1370","SDC01",2011,0,8,8,0,1
"1371","SDC01",2012,0,8,8,0,1
"1372","SDC01",2014,0,8,8,0,1
"1373","SDC02",2004,1,25,26,0,1
"1374","SDC02",2005,1,25,26,0,1
"1375","SDC02",2006,0,27,27,0,1
"1376","SDC02",2007,0,27,27,0,1
"1377","SDC02",2008,0,27,27,0,1
"1378","SDC02",2009,0,27,27,0,1
"1379","SDC02",2010,2,24,26,0,1
"1380","SDC02",2011,0,26,26,0,1
"1381","SDC02",2012,0,25,25,0,1
"1382","SDC02",2014,0,23,23,0,1
"1383","SDC03",2004,0,10,10,0,1
"1384","SDC03",2005,0,10,10,0,1
"1385","SDC03",2006,0,10,10,0,1
"1386","SDC03",2007,2,8,10,0,1
"1387","SDC03",2008,0,10,10,0,1
"1388","SDC03",2009,0,10,10,0,1
"1389","SDC03",2010,0,11,11,0,1
"1390","SDC03",2011,0,11,11,0,1
"1391","SDC03",2012,0,11,11,0,1
"1392","SDC03",2014,0,11,11,0,1
"1393","SDC05",2004,0,1,1,0,1
"1394","SDC05",2005,0,1,1,0,1
"1395","SDC05",2006,1,0,1,0,0
"1396","SDC05",2007,0,1,1,0,1
"1397","SDC05",2008,0,1,1,0,1
"1398","SDC05",2009,0,1,1,0,1
"1399","SDC05",2010,0,1,1,0,1
"1400","SDC05",2011,0,1,1,0,1
"1401","SDC05",2012,0,1,1,0,1
"1402","SDC05",2014,0,1,1,0,1
"1403","SDC06",2004,0,2,2,0,1
"1404","SDC06",2005,0,2,2,0,1
"1405","SDC06",2006,3,0,3,0,0
"1406","SDC06",2007,1,2,3,0,1
"1407","SDC06",2008,0,3,3,0,1
"1408","SDC06",2009,0,3,3,0,1
"1409","SDC06",2010,0,5,5,0,1
"1410","SDC06",2011,0,5,5,0,1
"1411","SDC06",2012,0,6,6,0,1
"1412","SDC06",2014,0,7,7,0,1
"1413","SECRET01",2004,3,2,5,0,1
"1414","SECRET01",2005,5,0,5,0,0
"1415","SECRET01",2006,5,0,5,0,0
"1416","SECRET01",2007,0,5,5,0,1
"1417","SECRET01",2008,0,5,5,0,1
"1418","SECRET01",2009,0,5,5,0,1
"1419","SECRET01",2010,3,2,5,0,1
"1420","SECRET01",2011,2,3,5,0,1
"1421","SECRET01",2012,0,5,5,0,1
"1422","SECRET01",2014,0,4,4,0,1
"1423","SECRET02",2004,12,10,22,0,1
"1424","SECRET02",2005,15,7,22,0,1
"1425","SECRET02",2006,15,6,21,0,1
"1426","SECRET02",2007,2,19,21,0,1
"1427","SECRET02",2008,0,21,21,0,1
"1428","SECRET02",2009,4,17,21,0,1
"1429","SECRET02",2010,0,20,20,0,1
"1430","SECRET02",2011,1,20,21,0,1
"1431","SECRET02",2012,0,22,22,0,1
"1432","SECRET02",2014,0,23,23,0,1
"1433","SECRET03",2004,10,5,15,0,1
"1434","SECRET03",2005,11,4,15,0,1
"1435","SECRET03",2006,12,3,15,0,1
"1436","SECRET03",2007,6,9,15,0,1
"1437","SECRET03",2008,0,15,15,0,1
"1438","SECRET03",2009,4,11,15,0,1
"1439","SECRET03",2010,0,14,14,0,1
"1440","SECRET03",2011,0,15,15,0,1
"1441","SECRET03",2012,0,15,15,0,1
"1442","SECRET03",2014,1,14,15,0,1
"1443","SKILE01",2004,1,11,12,0,1
"1444","SKILE01",2005,2,10,12,0,1
"1445","SKILE01",2006,0,12,12,0,1
"1446","SKILE01",2007,0,12,12,0,1
"1447","SKILE01",2008,0,12,12,0,1
"1448","SKILE01",2009,0,12,12,0,1
"1449","SKILE01",2010,1,11,12,0,1
"1450","SKILE01",2011,0,13,13,0,1
"1451","SKILE01",2012,0,13,13,0,1
"1452","SKILE01",2014,0,14,14,0,1
"1453","SPAUL01",2004,9,2,11,0,1
"1454","SPAUL01",2005,8,3,11,0,1
"1455","SPAUL01",2006,0,12,12,0,1
"1456","SPAUL01",2007,0,12,12,0,1
"1457","SPAUL01",2008,1,11,12,0,1
"1458","SPAUL01",2009,1,11,12,0,1
"1459","SPAUL01",2010,0,12,12,0,1
"1460","SPAUL01",2011,0,13,13,0,1
"1461","SPAUL01",2012,0,14,14,0,1
"1462","SPAUL01",2014,0,13,13,0,1
"1463","SPAUL02",2004,0,2,2,0,1
"1464","SPAUL02",2005,1,1,2,0,1
"1465","SPAUL02",2006,0,2,2,0,1
"1466","SPAUL02",2007,0,2,2,0,1
"1467","SPAUL02",2008,0,2,2,0,1
"1468","SPAUL02",2009,0,2,2,0,1
"1469","SPAUL02",2010,0,2,2,0,1
"1470","SPAUL02",2011,0,2,2,0,1
"1471","SPAUL02",2012,0,2,2,0,1
"1472","SPAUL02",2014,0,1,1,0,1
"1473","SPIVY01",2004,3,1,4,0,1
"1474","SPIVY01",2005,4,0,4,0,0
"1475","SPIVY01",2006,0,4,4,0,1
"1476","SPIVY01",2007,0,4,4,0,1
"1477","SPIVY01",2008,0,4,4,0,1
"1478","SPIVY01",2009,0,4,4,0,1
"1479","SPIVY01",2010,0,4,4,0,1
"1480","SPIVY01",2011,0,4,4,0,1
"1481","SPIVY01",2012,0,4,4,0,1
"1482","SPIVY01",2014,0,4,4,0,1
"1483","STATE123",2004,3,1,4,0,1
"1484","STATE123",2005,4,0,4,0,0
"1485","STATE123",2006,2,2,4,0,1
"1486","STATE123",2007,1,3,4,0,1
"1487","STATE123",2008,0,3,3,0,1
"1488","STATE123",2009,0,3,3,0,1
"1489","STATE123",2010,0,3,3,0,1
"1490","STATE123",2011,0,3,3,0,1
"1491","STATE123",2012,0,3,3,0,1
"1492","STATE123",2014,1,3,4,0,1
"1493","SUGAR01",2004,5,8,13,0,1
"1494","SUGAR01",2005,11,2,13,0,1
"1495","SUGAR01",2006,10,2,13,1,1
"1496","SUGAR01",2007,0,13,13,0,1
"1497","SUGAR01",2008,0,13,13,0,1
"1498","SUGAR01",2009,1,12,13,0,1
"1499","SUGAR01",2010,1,12,13,0,1
"1500","SUGAR01",2011,0,13,13,0,1
"1501","SUGAR01",2012,2,12,14,0,1
"1502","SUGAR01",2014,2,12,14,0,1
"1503","SUGAR02",2004,3,8,11,0,1
"1504","SUGAR04",2004,2,10,12,0,1
"1505","SUGAR04",2005,6,6,12,0,1
"1506","SUGAR04",2006,10,2,12,0,1
"1507","SUGAR04",2007,0,11,11,0,1
"1508","SUGAR04",2008,0,11,11,0,1
"1509","SUGAR04",2009,0,11,11,0,1
"1510","SUGAR04",2010,0,11,11,0,1
"1511","SUGAR04",2011,0,11,11,0,1
"1512","SUGAR04",2012,0,11,11,0,1
"1513","SUGAR04",2014,0,11,11,0,1
"1514","SUGAR05",2004,1,5,6,0,1
"1515","SUGAR05",2005,0,6,6,0,1
"1516","SUGAR05",2006,0,6,6,0,1
"1517","SUGAR05",2007,0,6,6,0,1
"1518","SUGAR05",2008,0,6,6,0,1
"1519","SUGAR05",2009,2,4,6,0,1
"1520","SUGAR05",2010,0,6,6,0,1
"1521","SUGAR05",2011,0,7,7,0,1
"1522","SUGAR05",2012,0,7,7,0,1
"1523","SUGAR05",2014,0,7,7,0,1
"1524","SUGAR07",2004,6,10,16,0,1
"1525","SUGAR07",2005,6,11,17,0,1
"1526","SUGAR07",2006,0,16,16,0,1
"1527","SUGAR07",2007,0,16,16,0,1
"1528","SUGAR07",2008,0,16,16,0,1
"1529","SUGAR07",2009,0,16,16,0,1
"1530","SUGAR07",2010,0,14,14,0,1
"1531","SUGAR07",2011,0,15,15,0,1
"1532","SUGAR07",2012,0,15,15,0,1
"1533","SUGAR07",2014,0,15,15,0,1
"1534","SUGAR08",2005,7,18,25,0,1
"1535","SUGAR08",2006,14,11,25,0,1
"1536","SUGAR08",2007,0,25,25,0,1
"1537","SUGAR08",2008,0,25,25,0,1
"1538","SUGAR08",2009,1,25,26,0,1
"1539","SUGAR08",2010,0,28,28,0,1
"1540","SUGAR08",2011,0,25,25,0,1
"1541","SUGAR08",2012,0,26,26,0,1
"1542","SUGAR08",2014,0,29,29,0,1
"1543","SUGAR09",2004,4,4,8,0,1
"1544","SUGAR09",2005,6,2,8,0,1
"1545","SUGAR09",2006,1,7,8,0,1
"1546","SUGAR09",2007,0,8,8,0,1
"1547","SUGAR09",2008,0,9,9,0,1
"1548","SUGAR09",2009,1,7,8,0,1
"1549","SUGAR09",2010,2,5,7,0,1
"1550","SUGAR09",2011,2,5,7,0,1
"1551","SUGAR09",2012,0,6,6,0,1
"1552","SUGAR09",2014,0,7,7,0,1
"1553","SUGAR11",2004,0,3,3,0,1
"1554","SUGAR11",2005,0,3,3,0,1
"1555","SUGAR11",2006,0,3,3,0,1
"1556","SUGAR11",2007,0,3,3,0,1
"1557","SUGAR11",2008,0,3,3,0,1
"1558","SUGAR11",2009,0,3,3,0,1
"1559","SUGAR11",2010,0,3,3,0,1
"1560","SUGAR11",2011,0,3,3,0,1
"1561","SUGAR11",2012,0,3,3,0,1
"1562","SUGAR11",2014,0,3,3,0,1
"1563","SUGAR12",2004,10,3,13,0,1
"1564","SUGAR12",2005,10,6,16,0,1
"1565","SUGAR12",2006,5,11,16,0,1
"1566","SUGAR12",2007,0,16,16,0,1
"1567","SUGAR12",2008,0,16,16,0,1
"1568","SUGAR12",2009,0,16,16,0,1
"1569","SUGAR12",2010,1,19,20,0,1
"1570","SUGAR12",2011,0,17,17,0,1
"1571","SUGAR12",2012,0,20,20,0,1
"1572","SUGAR12",2014,0,19,19,0,1
"1573","SUGAR13",2004,0,22,22,0,1
"1574","SUGAR13",2005,0,23,23,0,1
"1575","SUGAR13",2006,0,23,23,0,1
"1576","SUGAR13",2007,0,22,22,0,1
"1577","SUGAR13",2008,1,21,23,1,1
"1578","SUGAR13",2009,0,22,24,2,1
"1579","SUGAR13",2010,0,22,25,3,1
"1580","SUGAR13",2011,0,22,23,1,1
"1581","SUGAR13",2012,0,25,25,0,1
"1582","SUGAR13",2014,2,17,19,0,1
"1583","SUGAR15",2004,2,28,30,0,1
"1584","SUGAR15",2005,4,26,30,0,1
"1585","SUGAR15",2006,0,30,30,0,1
"1586","SUGAR15",2007,0,31,31,0,1
"1587","SUGAR15",2008,0,31,31,0,1
"1588","SUGAR15",2009,1,30,31,0,1
"1589","SUGAR15",2010,0,34,34,0,1
"1590","SUGAR15",2011,0,33,34,1,1
"1591","SUGAR15",2012,0,34,34,0,1
"1592","SUGAR15",2014,2,29,31,0,1
"1593","SUGAR16",2004,0,37,37,0,1
"1594","SUGAR16",2005,2,36,38,0,1
"1595","SUGAR16",2006,0,37,37,0,1
"1596","SUGAR16",2007,0,36,37,1,1
"1597","SUGAR16",2008,0,36,37,1,1
"1598","SUGAR16",2009,1,35,37,1,1
"1599","SUGAR16",2010,1,33,34,0,1
"1600","SUGAR16",2011,0,37,37,0,1
"1601","SUGAR16",2012,0,36,36,0,1
"1602","SUGAR16",2014,0,38,38,0,1
"1603","SUGAR17",2004,5,13,18,0,1
"1604","SUGAR17",2005,11,7,18,0,1
"1605","SUGAR17",2006,4,14,18,0,1
"1606","SUGAR17",2007,1,17,18,0,1
"1607","SUGAR17",2008,0,18,18,0,1
"1608","SUGAR17",2009,0,18,18,0,1
"1609","SUGAR17",2010,0,18,18,0,1
"1610","SUGAR17",2011,0,17,17,0,1
"1611","SUGAR17",2012,0,16,16,0,1
"1612","SUGAR17",2014,0,16,16,0,1
"1613","SUGAR18",2004,6,20,26,0,1
"1614","SUGAR18",2005,7,19,26,0,1
"1615","SUGAR18",2006,2,24,26,0,1
"1616","SUGAR18",2007,0,26,26,0,1
"1617","SUGAR18",2008,0,26,26,0,1
"1618","SUGAR18",2009,8,19,27,0,1
"1619","SUGAR18",2010,0,27,27,0,1
"1620","SUGAR18",2011,0,26,26,0,1
"1621","SUGAR18",2012,0,28,28,0,1
"1622","SUGAR18",2014,0,28,28,0,1
"1623","SUGAR19",2004,6,13,19,0,1
"1624","SUGAR19",2005,5,15,20,0,1
"1625","SUGAR19",2006,3,17,20,0,1
"1626","SUGAR19",2007,0,19,20,1,1
"1627","SUGAR19",2008,0,19,20,1,1
"1628","SUGAR19",2009,0,20,20,0,1
"1629","SUGAR19",2010,0,21,21,0,1
"1630","SUGAR19",2011,1,19,21,1,1
"1631","SUGAR19",2012,0,21,21,0,1
"1632","SUGAR19",2014,0,22,22,0,1
"1633","SUGAR21",2004,26,21,47,0,1
"1634","SUGAR21",2005,30,17,47,0,1
"1635","SUGAR21",2006,12,34,46,0,1
"1636","SUGAR21",2007,1,45,46,0,1
"1637","SUGAR21",2008,0,45,45,0,1
"1638","SUGAR21",2009,2,44,47,1,1
"1639","SUGAR21",2010,0,47,48,1,1
"1640","SUGAR21",2011,1,47,49,1,1
"1641","SUGAR21",2012,0,50,50,0,1
"1642","SUGAR21",2014,1,48,49,0,1
"1643","SUGAR23",2004,0,5,5,0,1
"1644","SUGAR23",2005,3,3,6,0,1
"1645","SUGAR23",2006,3,3,6,0,1
"1646","SUGAR23",2007,0,6,6,0,1
"1647","SUGAR23",2008,0,6,6,0,1
"1648","SUGAR23",2009,2,4,6,0,1
"1649","SUGAR23",2010,0,6,6,0,1
"1650","SUGAR23",2011,0,6,6,0,1
"1651","SUGAR23",2012,0,6,6,0,1
"1652","SUGAR23",2014,0,6,6,0,1
"1653","SUGAR30",2005,3,8,11,0,1
"1654","SUGAR30",2006,2,9,11,0,1
"1655","SUGAR30",2007,0,11,11,0,1
"1656","SUGAR30",2008,0,11,11,0,1
"1657","SUGAR30",2009,1,10,11,0,1
"1658","SUGAR30",2010,1,10,11,0,1
"1659","SUGAR30",2011,0,10,10,0,1
"1660","SUGAR30",2012,0,12,12,0,1
"1661","SUGAR30",2014,5,7,12,0,1
"1662","SUGAR31",2004,1,11,12,0,1
"1663","SUGAR31",2005,0,11,12,1,1
"1664","SUGAR31",2006,1,12,13,0,1
"1665","SUGAR31",2007,0,13,13,0,1
"1666","SUGAR31",2008,0,13,13,0,1
"1667","SUGAR31",2009,0,13,13,0,1
"1668","SUGAR31",2010,0,13,13,0,1
"1669","SUGAR31",2011,0,13,13,0,1
"1670","SUGAR31",2012,0,14,14,0,1
"1671","SUGAR31",2014,0,14,14,0,1
"1672","SUGAR32",2004,0,5,5,0,1
"1673","SUGAR32",2005,3,2,5,0,1
"1674","SUGAR32",2006,4,1,5,0,1
"1675","SUGAR32",2007,0,5,5,0,1
"1676","SUGAR32",2008,0,5,5,0,1
"1677","SUGAR32",2009,0,5,5,0,1
"1678","SUGAR32",2010,0,5,5,0,1
"1679","SUGAR32",2011,0,5,5,0,1
"1680","SUGAR32",2012,0,5,5,0,1
"1681","SUGAR32",2014,0,6,6,0,1
"1682","SUMTV02",2004,7,35,42,0,1
"1683","SUMTV02",2005,13,32,45,0,1
"1684","SUMTV02",2006,1,44,46,1,1
"1685","SVRP02",2004,1,2,3,0,1
"1686","SVRP02",2005,0,3,3,0,1
"1687","SVRP02",2006,2,1,3,0,1
"1688","SVRP02",2007,0,3,3,0,1
"1689","SVRP02",2008,0,3,3,0,1
"1690","SVRP02",2009,0,3,3,0,1
"1691","SVRP02",2010,0,3,3,0,1
"1692","SVRP02",2011,0,3,3,0,1
"1693","SVRP02",2012,0,3,3,0,1
"1694","SVRP02",2014,0,3,3,0,1
"1695","TELL02",2004,35,0,35,0,0
"1696","TELL02",2005,17,18,35,0,1
"1697","TELL02",2006,34,0,34,0,0
"1698","TELL02",2007,3,31,34,0,1
"1699","TELL02",2008,0,35,35,0,1
"1700","TELL02",2009,18,17,35,0,1
"1701","TELL02",2010,0,33,33,0,1
"1702","TELL02",2011,0,35,35,0,1
"1703","TELL02",2012,0,35,35,0,1
"1704","TELL02",2014,0,36,36,0,1
"1705","TELL04",2004,4,0,4,0,0
"1706","TELL04",2005,0,4,4,0,1
"1707","TELL04",2006,4,0,4,0,0
"1708","TELL04",2007,0,4,4,0,1
"1709","TELL04",2008,0,4,4,0,1
"1710","TELL04",2009,0,4,4,0,1
"1711","TELL04",2010,0,5,5,0,1
"1712","TELL04",2011,0,5,5,0,1
"1713","TELL04",2012,0,5,5,0,1
"1714","TELL04",2014,0,5,5,0,1
"1715","TERRI02",2004,3,21,24,0,1
"1716","TERRI02",2005,2,22,24,0,1
"1717","TERRI02",2006,0,22,24,2,1
"1718","TERRI02",2007,0,22,24,2,1
"1719","TERRI02",2008,0,21,23,2,1
"1720","TERRI02",2009,0,22,22,0,1
"1721","TERRI02",2010,0,23,23,0,1
"1722","TERRI02",2011,0,24,24,0,1
"1723","TERRI02",2012,0,24,24,0,1
"1724","TERRI02",2014,0,24,24,0,1
"1725","TERRI03",2011,0,1,1,0,1
"1726","TERRI03",2012,0,1,1,0,1
"1727","TERRI03",2014,0,1,1,0,1
"1728","VOTRU01",2004,2,5,7,0,1
"1729","VOTRU01",2005,2,5,7,0,1
"1730","VOTRU01",2006,1,8,9,0,1
"1731","VOTRU01",2007,0,9,9,0,1
"1732","VOTRU01",2008,0,9,9,0,1
"1733","VOTRU01",2009,0,9,9,0,1
"1734","VOTRU01",2010,0,10,10,0,1
"1735","VOTRU01",2011,0,10,10,0,1
"1736","WATKI01",2004,3,11,14,0,1
"1737","WATKI01",2005,2,14,16,0,1
"1738","WATKI01",2006,14,2,16,0,1
"1739","WATKI01",2007,0,16,16,0,1
"1740","WATKI01",2008,0,16,16,0,1
"1741","WATKI01",2009,0,16,16,0,1
"1742","WATKI01",2010,0,16,16,0,1
"1743","WATKI01",2011,0,16,16,0,1
"1744","WATKI01",2012,0,16,16,0,1
"1745","WATKI01",2014,0,17,17,0,1
"1746","YAHNG01",2004,1,4,5,0,1
"1747","YAHNG01",2005,0,5,5,0,1
"1748","YAHNG01",2006,0,5,5,0,1
"1749","YAHNG01",2007,0,5,5,0,1
"1750","YAHNG01",2008,0,5,5,0,1
"1751","YAHNG01",2009,0,5,5,0,1
"1752","YAHNG01",2010,0,5,5,0,1
"1753","YAHNG01",2011,0,5,5,0,1
"1754","YAHNG01",2012,0,5,5,0,1
"1755","YAHNG01",2014,0,5,5,0,1
"1756","YAHNG02",2004,0,1,1,0,1
"1757","YAHNG02",2005,0,1,1,0,1
"1758","YAHNG02",2006,0,1,1,0,1
"1759","YAHNG02",2007,0,1,1,0,1
"1760","YAHNG02",2008,0,1,1,0,1
"1761","YAHNG02",2009,0,1,1,0,1
"1762","YAHNG02",2010,0,0,1,1,0
"1763","YAHNG02",2011,0,1,1,0,1
"1764","YAHNG02",2012,0,1,1,0,1
"1765","YAHNG02",2014,0,1,1,0,1
"1766","YAHNG03",2004,0,6,6,0,1
"1767","YAHNG03",2005,0,6,6,0,1
"1768","YAHNG03",2006,0,7,7,0,1
"1769","YAHNG03",2007,0,7,7,0,1
"1770","YAHNG03",2008,0,7,7,0,1
"1771","YAHNG03",2009,0,7,7,0,1
"1772","YAHNG03",2010,0,7,7,0,1
"1773","YAHNG03",2011,0,7,7,0,1
"1774","YAHNG03",2012,0,7,7,0,1
"1775","YAHNG03",2014,0,8,8,0,1
"1776","ZEN01",2004,0,4,4,0,1
"1777","ZEN01",2005,1,3,4,0,1
"1778","ZEN01",2006,0,5,5,0,1
"1779","ZEN01",2007,0,5,5,0,1
"1780","ZEN01",2008,0,5,5,0,1
"1781","ZEN01",2009,0,5,5,0,1
"1782","ZEN01",2010,0,5,5,0,1
"1783","ZEN01",2011,0,5,5,0,1
"1784","ZEN01",2012,0,5,5,0,1
"1785","ZEN01",2014,0,5,5,0,1
"1786","ZEN02",2004,0,18,18,0,1
"1787","ZEN02",2005,1,17,18,0,1
"1788","ZEN02",2006,0,18,18,0,1
"1789","ZEN02",2007,1,17,18,0,1
"1790","ZEN02",2008,0,17,17,0,1
"1791","ZEN02",2009,0,18,18,0,1
"1792","ZEN02",2010,0,17,17,0,1
"1793","ZEN02",2011,0,18,18,0,1
"1794","ZEN02",2012,0,18,18,0,1
"1795","ZEN02",2014,0,18,18,0,1
