"juos","wgs84_x","wgs84_y"
0,-109.038975,40.996369
0,-109.337151,40.955804
0,-108.980936,40.950329
1,-109.456724,40.912707
1,-109.397695,40.911838
1,-109.278941,40.910108
0,-108.922978,40.904261
1,-109.161608,40.86332
1,-108.924376,40.859194
0,-109.577686,40.824117
0,-109.459429,40.822733
1,-109.162837,40.817984
0,-109.258097,40.801717
1,-109.009584,40.788661
0,-110.171101,40.784857
0,-109.934102,40.782897
0,-109.637991,40.779874
0,-109.341719,40.775925
1,-108.986376,40.770306
0,-110.763843,40.742551
0,-110.6454,40.742247
0,-110.58618,40.742049
0,-110.349306,40.740955
0,-110.230875,40.740226
0,-109.934822,40.737879
0,-109.757145,40.73624
0,-109.51994,40.734235
0,-109.402026,40.731735
0,-109.224464,40.729725
0,-109.165251,40.728195
0,-108.869436,40.723131
1,-108.691959,40.719708
0,-110.586459,40.697006
0,-110.468065,40.696457
0,-110.113048,40.694341
0,-109.876435,40.692113
0,-109.698908,40.690295
1,-108.989115,40.68022
1,-108.870871,40.678118
1,-108.693499,40.674737
0,-107.898732,40.661384
0,-110.823301,40.652569
0,-108.04347,40.659884
0,-110.349183,40.651607
0,-110.231912,40.650148
0,-110.113574,40.649329
1,-109.640613,40.644698
0,-109.463299,40.642502
1,-109.404329,40.641702
0,-109.108656,40.637219
0,-108.104489,40.616396
0,-110.7059,40.60759
0,-110.646115,40.607116
0,-110.291724,40.605612
0,-109.936958,40.602815
1,-109.523273,40.598305
1,-109.16869,40.59311
1,-108.932777,40.589173
0,-108.696655,40.584389
1,-108.578521,40.582287
0,-108.165416,40.5729
1,-108.047523,40.569827
0,-110.882964,40.563068
0,-110.823808,40.56256
0,-110.173807,40.559651
1,-109.937736,40.558121
1,-109.760508,40.555997
1,-109.642627,40.553942
0,-109.406316,40.551627
0,-109.347287,40.550798
1,-109.170223,40.548138
1,-109.11118,40.547187
0,-110.492932,40.543438
0,-110.433877,40.543235
1,-108.816125,40.542058
0,-108.698141,40.539685
1,-108.521119,40.536084
1,-108.403158,40.533446
0,-108.285271,40.530707
0,-110.646575,40.517189
1,-109.879303,40.512147
1,-109.643366,40.509682
1,-109.583694,40.508984
1,-110.092078,40.496059
0,-107.903531,40.499134
1,-108.581847,40.492206
0,-108.228145,40.484322
0,-108.051386,40.479944
0,-107.773128,40.484324
0,-110.941796,40.472526
0,-110.469882,40.471308
0,-110.351925,40.470707
0,-110.292948,40.470361
1,-110.116032,40.469164
1,-109.99645,40.467972
1,-109.762201,40.4659
1,-109.030953,40.464783
1,-109.290548,40.459888
0,-108.995832,40.455162
1,-108.78372,40.451505
1,-108.701217,40.449649
1,-108.642216,40.448559
1,-108.347731,40.442083
1,-107.830173,40.437894
1,-110.76485,40.42741
0,-108.053354,40.434958
0,-111.059795,40.427321
1,-110.823594,40.427352
0,-110.64706,40.426939
1,-110.529212,40.426502
1,-110.352771,40.425523
1,-110.234389,40.424845
0,-109.763004,40.420847
0,-109.468423,40.417338
1,-109.172148,40.412934
1,-109.114975,40.412115
0,-109.845832,40.403704
0,-108.997135,40.410089
1,-108.879375,40.408025
1,-108.408428,40.398404
1,-107.710556,40.395725
0,-107.945954,40.389972
0,-111.000732,40.382442
0,-110.706198,40.382059
1,-110.17733,40.378671
0,-110.058304,40.378601
0,-109.704965,40.375186
0,-109.528309,40.373081
0,-109.292825,40.369836
1,-109.175578,40.367946
0,-109.446307,40.353982
1,-108.586597,40.357214
0,-108.351309,40.352097
1,-108.233708,40.349315
0,-108.116074,40.346466
0,-107.979271,40.344081
0,-110.824123,40.337253
1,-110.647494,40.336814
1,-110.529803,40.336432
1,-110.2355,40.334862
0,-109.646982,40.329477
1,-109.529288,40.328023
0,-107.731575,40.332186
1,-108.41186,40.308439
0,-108.176753,40.302936
0,-108.059217,40.300042
0,-107.88328,40.301479
0,-111.177367,40.292039
0,-111.059642,40.292481
0,-111.00072,40.292342
1,-110.765602,40.292068
1,-110.353648,40.290537
1,-110.118323,40.28902
0,-110.000739,40.288028
0,-109.883113,40.286953
0,-109.765494,40.285758
1,-108.859586,40.29049
1,-108.800765,40.289459
1,-108.730229,40.288078
0,-109.41268,40.281455
1,-109.00122,40.275069
1,-108.354813,40.262099
0,-107.822643,40.257937
0,-107.763914,40.259356
0,-111.177086,40.247164
0,-111.118297,40.247238
1,-110.824357,40.24718
0,-110.295295,40.245151
0,-110.177734,40.244375
0,-109.707544,40.24008
1,-109.237472,40.233874
1,-109.1789,40.232986
1,-109.11999,40.232044
1,-108.650183,40.223458
1,-108.415256,40.218417
1,-108.356589,40.217073
1,-108.18053,40.212924
1,-108.556801,40.203533
0,-108.004577,40.208555
0,-110.941912,40.202261
1,-110.824426,40.202151
1,-110.589377,40.201511
1,-110.471838,40.201224
0,-110.0608,40.198439
0,-109.82586,40.196295
0,-109.590946,40.193674
0,-109.532222,40.192944
0,-109.356064,40.190576
1,-109.062189,40.186065
1,-108.886426,40.182955
1,-108.827734,40.181887
1,-108.769022,40.180771
1,-108.475608,40.174737
0,-107.760246,40.169348
0,-108.065011,40.165003
0,-111.00072,40.157201
1,-110.70717,40.156831
0,-110.002723,40.152907
0,-109.650564,40.149338
0,-109.474509,40.147152
1,-110.578018,40.138432
0,-109.239801,40.143821
1,-108.218623,40.14164
1,-110.390395,40.128569
0,-110.202619,40.127428
1,-108.653252,40.133448
1,-108.535932,40.130953
0,-107.582609,40.128401
1,-108.067016,40.12007
0,-107.934262,40.120044
0,-107.817061,40.122957
0,-111.118064,40.112094
0,-110.883376,40.112085
1,-110.707093,40.111945
1,-110.355368,40.110378
0,-110.238028,40.109647
0,-109.768757,40.105609
0,-109.299596,40.09967
0,-109.1237,40.096954
1,-108.947905,40.09383
0,-108.889214,40.092921
1,-108.713407,40.08954
1,-108.654801,40.088402
0,-109.804422,40.078955
1,-108.420361,40.083392
1,-108.244659,40.079387
0,-107.639485,40.082185
0,-107.580898,40.083479
1,-107.873763,40.076523
0,-111.000672,40.067168
1,-110.766234,40.066824
1,-110.531876,40.066151
0,-110.121282,40.063773
0,-109.945419,40.062306
0,-109.47652,40.057087
0,-109.300716,40.054641
1,-108.093201,40.057622
0,-109.066347,40.050967
0,-108.949181,40.048953
0,-108.539189,40.040949
0,-109.957555,40.035387
1,-108.246473,40.034372
0,-107.754805,40.034376
0,-111.176505,40.021923
0,-110.707748,40.021689
1,-110.415629,40.020206
1,-110.355971,40.020277
1,-110.239032,40.019559
0,-110.063277,40.018271
0,-109.594658,40.013534
0,-109.477522,40.012053
0,-109.243275,40.008738
1,-108.89154,40.0034
0,-109.8644,39.998473
0,-109.747277,39.997266
1,-108.716412,39.999562
0,-108.599337,39.99719
1,-108.482322,39.994737
1,-108.423857,39.993397
1,-108.189831,39.987972
0,-107.869983,39.986475
0,-107.694483,39.990782
1,-110.883536,39.977102
1,-110.767068,39.976909
1,-110.356968,39.975252
0,-109.595581,39.968498
0,-109.361469,39.965424
0,-109.068886,39.960919
1,-109.010355,39.959921
1,-108.261958,39.944857
1,-108.191616,39.942975
0,-108.074689,39.940036
1,-110.8254,39.93189
0,-110.708296,39.931718
1,-110.649748,39.931051
1,-110.532505,39.931323
1,-110.298645,39.92999
1,-110.181506,39.929447
0,-109.888993,39.926634
0,-109.830491,39.926059
0,-109.713492,39.924819
0,-109.479518,39.921986
0,-107.832313,39.924428
1,-108.894727,39.912909
1,-108.660941,39.908419
1,-108.427035,39.903402
0,-107.924638,39.895092
0,-107.807842,39.897946
0,-110.942018,39.886858
0,-107.983127,39.893556
1,-110.298971,39.884393
0,-110.006653,39.882653
0,-109.831257,39.881018
0,-109.538965,39.877703
1,-109.363376,39.875556
1,-109.188192,39.872753
1,-109.012984,39.869849
1,-108.720862,39.864543
1,-109.223869,39.85543
1,-108.428186,39.858862
1,-108.370615,39.857084
0,-107.630857,39.857059
0,-110.825373,39.841673
0,-110.65016,39.841259
1,-110.475104,39.840833
1,-110.416753,39.840221
0,-110.124163,39.838551
0,-109.948874,39.837094
1,-108.850237,39.839895
0,-109.715175,39.834741
1,-109.072876,39.825732
1,-108.605654,39.817083
1,-108.255513,39.809383
1,-108.13878,39.806561
0,-107.86254,39.806545
0,-107.687409,39.810666
0,-111.175838,39.796757
0,-110.942317,39.796794
0,-110.708708,39.796442
0,-110.591885,39.79609
1,-110.533486,39.795915
1,-110.066342,39.793049
1,-109.482495,39.786882
1,-109.424099,39.786076
1,-108.454911,39.786942
1,-109.248689,39.78348
0,-110.743814,39.769504
1,-108.840541,39.776705
1,-108.723778,39.774455
1,-108.373927,39.767102
1,-108.257279,39.764374
0,-108.140659,39.761513
0,-107.802314,39.762994
0,-107.569073,39.768377
1,-107.977174,39.758599
0,-111.292549,39.75139
0,-110.417094,39.750292
1,-110.30033,39.74962
1,-110.241959,39.749424
0,-109.71685,39.744661
0,-109.658505,39.744001
1,-109.483469,39.741981
1,-109.250153,39.73859
1,-109.133704,39.737174
1,-109.016906,39.734706
1,-108.958614,39.733768
0,-108.725329,39.729467
0,-108.608702,39.727102
0,-107.509101,39.724574
1,-110.942405,39.706755
1,-110.884067,39.706648
0,-110.534117,39.70577
1,-110.300749,39.704716
1,-110.125762,39.704042
0,-108.457847,39.705893
1,-109.950916,39.701989
1,-109.892415,39.7015
1,-109.367981,39.695249
1,-110.685852,39.688242
1,-108.901609,39.687741
1,-109.041782,39.68118
1,-108.785083,39.685577
1,-107.565798,39.678255
0,-108.31901,39.675742
0,-108.202602,39.672977
0,-107.856899,39.671579
1,-107.798667,39.672899
0,-111.175275,39.661361
1,-111.059011,39.66164
0,-111.000721,39.661655
1,-110.884061,39.661597
1,-110.592529,39.661019
0,-107.483529,39.662144
1,-109.95161,39.656918
1,-109.893341,39.656674
1,-109.776719,39.655179
1,-109.660249,39.653921
1,-109.310681,39.649363
1,-109.194563,39.648049
0,-108.728259,39.639469
0,-108.553625,39.635882
0,-108.006067,39.641039
1,-107.796785,39.627975
0,-108.088076,39.6251
0,-107.971413,39.623661
0,-111.058973,39.616588
1,-110.593284,39.615754
1,-110.418112,39.61508
0,-110.301774,39.61452
0,-110.24352,39.614083
1,-110.069421,39.612898
1,-109.777582,39.610165
1,-109.660725,39.608723
1,-109.544693,39.607119
1,-109.428181,39.605926
0,-109.078957,39.600706
0,-108.438863,39.588362
0,-108.322507,39.585756
1,-107.620563,39.58707
0,-108.148062,39.581584
0,-108.08989,39.58014
0,-107.678679,39.585681
0,-111.175503,39.571374
1,-110.942612,39.571501
0,-110.82608,39.57142
1,-107.36401,39.574458
0,-110.185375,39.568485
1,-109.836106,39.565643
1,-109.428807,39.560209
1,-109.196424,39.558017
1,-108.963847,39.553717
1,-109.918294,39.548417
1,-108.789435,39.550457
1,-108.731285,39.549318
0,-108.615001,39.547078
0,-108.498509,39.544753
1,-107.851384,39.536525
1,-107.455729,39.536554
1,-111.000769,39.526417
1,-110.651123,39.525612
1,-110.419015,39.525025
1,-110.3608,39.524666
1,-109.779186,39.520133
1,-109.197724,39.513646
1,-109.14022,39.511309
1,-108.848922,39.506527
1,-109.581805,39.499736
1,-109.523679,39.499093
1,-108.442149,39.498355
1,-108.325958,39.495667
1,-107.733352,39.494392
1,-107.559013,39.498307
0,-107.384833,39.502022
1,-109.337862,39.487577
0,-108.151689,39.49185
1,-107.90755,39.490153
0,-111.291379,39.481044
0,-111.175126,39.481368
0,-110.942583,39.481431
0,-110.651893,39.480922
0,-110.593758,39.480733
1,-109.779951,39.475035
1,-109.431579,39.471236
1,-109.024565,39.464633
0,-108.559874,39.455824
0,-108.095535,39.445119
1,-107.847686,39.446566
0,-111.175349,39.435935
0,-110.768318,39.43616
1,-108.944107,39.436219
1,-110.41945,39.435192
1,-110.303466,39.433924
1,-110.129171,39.433117
0,-110.013082,39.432197
0,-109.896907,39.431152
1,-109.780738,39.429937
1,-108.885952,39.435176
1,-107.742618,39.43103
1,-109.54872,39.426841
1,-109.200008,39.422459
1,-108.735601,39.41428
1,-108.677574,39.413226
1,-111.035535,39.409327
1,-109.096017,39.402775
0,-108.445585,39.408278
1,-108.329525,39.405778
0,-107.555767,39.408333
0,-107.497724,39.409666
0,-108.155413,39.401593
1,-108.039393,39.39875
0,-107.961825,39.398688
0,-111.291179,39.39117
0,-110.768469,39.391107
1,-110.536214,39.390123
1,-109.665299,39.383447
1,-109.491352,39.381529
1,-109.317467,39.379509
1,-108.737045,39.369279
1,-108.679091,39.368209
1,-108.447052,39.363283
0,-107.902077,39.355341
0,-107.786165,39.358005
1,-107.72809,39.359364
0,-110.942697,39.346269
0,-110.826645,39.346155
0,-110.652605,39.345783
1,-110.536524,39.345278
0,-110.36246,39.344534
1,-110.246421,39.343839
1,-110.130102,39.343233
1,-110.072366,39.34257
0,-109.55032,39.337282
1,-109.202791,39.332242
1,-109.086047,39.330768
1,-108.506438,39.319598
0,-107.494584,39.319524
1,-108.159039,39.311631
0,-107.55253,39.318222
0,-111.290654,39.3009
1,-111.232664,39.300994
1,-111.058677,39.301033
1,-110.710781,39.30087
1,-110.246943,39.2985
1,-110.130941,39.297978
0,-109.783085,39.294858
0,-109.724999,39.2942
1,-109.203476,39.287365
1,-108.553984,39.29357
0,-108.310712,39.288129
0,-108.971699,39.283557
0,-108.797897,39.280397
1,-108.566207,39.275772
1,-108.334583,39.270705
1,-108.00999,39.271787
0,-107.608804,39.271991
0,-107.956143,39.263712
0,-111.406282,39.255462
0,-111.116626,39.256114
0,-111.000724,39.256174
1,-110.652877,39.256054
1,-110.537226,39.255182
0,-110.073554,39.252481
0,-108.705802,39.260598
1,-109.899735,39.250966
1,-109.436455,39.245744
1,-110.8501,39.238056
1,-109.320625,39.243773
0,-109.146715,39.241425
0,-108.915098,39.237508
1,-108.394118,39.227035
1,-108.162711,39.221569
0,-107.780725,39.223019
0,-107.66498,39.225699
0,-111.174465,39.210987
1,-110.826946,39.210946
1,-110.769032,39.210873
1,-108.047022,39.218753
0,-111.348257,39.210686
0,-110.595329,39.210416
1,-110.421618,39.209672
0,-109.842537,39.205358
0,-109.726744,39.204149
1,-109.553057,39.202088
1,-109.4951,39.201337
0,-109.321529,39.199024
0,-109.090028,39.19546
0,-108.800712,39.190353
0,-108.62716,39.186945
1,-108.453616,39.18327
1,-108.222328,39.17799
0,-107.767724,39.178364
0,-107.547495,39.183104
0,-107.894558,39.175172
0,-111.463803,39.165075
0,-111.058601,39.166049
0,-111.000724,39.166064
1,-110.421963,39.164627
1,-110.2483,39.163471
1,-110.190686,39.16285
1,-109.959,39.161404
1,-109.901159,39.160881
1,-109.380444,39.154805
1,-108.802067,39.145384
0,-108.744298,39.144225
1,-109.936249,39.134148
1,-108.281895,39.134359
0,-108.166327,39.131613
0,-107.661057,39.135572
0,-111.463378,39.11967
1,-111.289936,39.120637
1,-111.232071,39.12083
1,-110.711488,39.120661
1,-110.653672,39.120503
1,-110.422354,39.119574
1,-109.786163,39.114676
1,-109.611458,39.11253
1,-109.497097,39.111312
0,-109.439261,39.110554
0,-109.323667,39.108953
0,-109.150259,39.106332
1,-109.03462,39.104438
1,-108.919061,39.102457
0,-108.016846,39.109672
0,-108.399123,39.091981
0,-107.833363,39.086578
0,-111.289763,39.075592
1,-111.231993,39.075721
0,-111.11633,39.075894
0,-110.885116,39.075897
0,-110.827312,39.075825
1,-110.538289,39.075073
1,-110.48021,39.0748
0,-110.191499,39.073142
1,-110.075861,39.072245
0,-109.960368,39.071208
1,-109.61317,39.067632
1,-108.689416,39.053043
0,-107.808929,39.060161
0,-108.63169,39.051893
0,-108.458499,39.048244
0,-107.542838,39.048219
0,-108.170112,39.04166
0,-111.462965,39.02993
0,-110.942956,39.030883
1,-110.769737,39.030652
1,-110.71189,39.030559
0,-110.307535,39.028835
0,-110.134251,39.027675
0,-108.020278,39.028725
1,-109.961932,39.02669
1,-109.845463,39.02517
1,-109.730477,39.023813
0,-109.38353,39.019693
1,-109.094907,39.015347
1,-108.921716,39.012377
1,-108.806408,39.010281
1,-108.575473,39.005661
0,-107.483192,39.003855
1,-108.287076,38.99926
0,-107.771886,38.997884
0,-107.598813,39.002108
1,-109.118725,38.988676
0,-108.056071,38.993681
1,-110.596892,38.985051
1,-110.481192,38.984692
0,-110.307973,38.983781
0,-110.250247,38.983424
1,-109.788269,38.97977
0,-109.615365,38.977614
0,-109.499956,38.97619
0,-109.269162,38.973003
1,-108.923012,38.967322
1,-108.749988,38.964182
1,-108.63473,38.961766
1,-111.38161,38.958135
1,-111.323935,38.958301
0,-111.139222,38.958722
0,-108.46172,38.958218
1,-108.231095,38.952952
1,-107.942912,38.948477
1,-107.827344,38.952218
0,-111.058416,38.940767
0,-110.943029,38.940767
1,-110.827642,38.940653
1,-110.654435,38.940511
0,-110.193033,38.937985
0,-109.846936,38.935076
0,-108.636201,38.916809
1,-108.463348,38.913205
1,-107.537943,38.913227
0,-107.365107,38.916888
1,-109.063244,38.906698
0,-108.3481,38.910642
1,-108.06008,38.903755
1,-107.825935,38.906576
0,-107.653119,38.910654
1,-111.174061,38.895324
1,-110.481791,38.894561
1,-108.002516,38.90228
0,-110.078243,38.892078
0,-109.905307,38.890583
0,-109.559483,38.88683
0,-111.023779,38.877697
0,-109.444224,38.885354
0,-109.386597,38.884573
0,-109.271351,38.882927
1,-109.15739,38.881327
0,-108.983226,38.878129
0,-108.752869,38.874091
1,-108.522534,38.869365
1,-108.234674,38.862871
1,-107.766647,38.86295
1,-108.119502,38.860192
1,-111.346447,38.850152
1,-111.230339,38.850349
1,-110.827861,38.850408
1,-110.712459,38.850333
0,-110.309283,38.848618
0,-110.078825,38.847026
0,-109.848392,38.844979
1,-109.675586,38.843148
1,-109.0997,38.835203
0,-108.869412,38.831252
1,-110.505412,38.822551
0,-108.639175,38.826688
1,-108.52414,38.824386
1,-108.466525,38.823168
0,-108.29391,38.819302
0,-107.419797,38.82582
0,-107.76487,38.817954
1,-110.827821,38.805293
1,-110.59798,38.804873
0,-110.424884,38.804186
0,-110.252137,38.803208
0,-110.194558,38.802825
0,-109.906687,38.800484
0,-109.503741,38.79602
1,-109.388766,38.794646
1,-109.215983,38.791985
1,-109.10117,38.789857
1,-108.985881,38.78815
0,-108.755643,38.784042
0,-107.475629,38.779401
0,-107.878106,38.770171
1,-107.590645,38.777031
0,-107.935588,38.76874
1,-111.345886,38.760208
0,-111.173366,38.76042
0,-111.05827,38.760532
1,-111.000722,38.760545
1,-110.885592,38.760495
0,-109.907351,38.755488
0,-109.79231,38.754301
0,-109.73478,38.753692
1,-108.434249,38.759412
0,-107.440232,38.752972
1,-109.562249,38.751708
1,-109.390343,38.749099
1,-109.274824,38.747795
0,-110.563469,38.741702
1,-108.929566,38.74222
0,-108.239829,38.727941
1,-107.761375,38.728032
1,-107.588941,38.731803
0,-108.182387,38.726551
0,-108.0675,38.72374
1,-107.818837,38.726561
1,-111.403192,38.714821
1,-111.345794,38.71496
0,-111.115745,38.715431
0,-111.000721,38.715486
1,-110.713392,38.715092
1,-110.598139,38.714791
0,-110.425606,38.714073
0,-110.310585,38.713452
0,-110.080562,38.711868
0,-109.793068,38.709252
0,-109.563129,38.706644
1,-109.44816,38.705167
0,-110.115286,38.694113
1,-108.930867,38.697127
0,-108.700962,38.692957
0,-108.586241,38.690698
1,-108.528692,38.689279
1,-108.35656,38.685583
1,-107.874517,38.680121
1,-111.403042,38.669672
0,-111.230624,38.670203
1,-110.885756,38.670405
0,-110.770816,38.670197
0,-110.48344,38.669284
0,-109.908745,38.665333
0,-109.736367,38.663552
1,-109.276489,38.657907
1,-109.104472,38.655064
1,-108.874727,38.651121
0,-108.587618,38.645603
0,-107.470975,38.644347
1,-108.472904,38.643144
1,-108.30071,38.639266
1,-108.185943,38.636496
1,-107.758018,38.637969
1,-107.700548,38.639204
1,-109.415259,38.632708
0,-108.071175,38.633739
0,-107.930071,38.633739
0,-111.115623,38.625321
0,-110.483761,38.624226
0,-110.368884,38.623663
0,-110.254011,38.622987
0,-110.196577,38.622607
0,-110.024283,38.621296
0,-109.564928,38.616554
1,-109.163255,38.611245
0,-108.990845,38.608157
1,-108.760956,38.604333
1,-109.817844,38.601368
1,-108.302398,38.594256
0,-107.584154,38.596848
0,-111.287741,38.579956
0,-111.172932,38.580181
1,-111.00074,38.58029
0,-110.828503,38.580181
0,-110.598888,38.579618
0,-110.024893,38.576243
1,-109.852776,38.574024
1,-109.680554,38.572731
1,-109.394314,38.568957
0,-109.164215,38.565898
1,-109.049675,38.564117
1,-108.820048,38.559937
0,-108.648098,38.556634
1,-108.475738,38.552852
0,-107.46785,38.554165
1,-109.359662,38.550796
1,-108.418512,38.552008
1,-108.132124,38.545192
0,-107.811803,38.546546
0,-107.697143,38.549228
1,-108.074833,38.543728
0,-107.926413,38.543736
1,-111.402699,38.534358
0,-111.230192,38.535022
0,-110.943347,38.535234
0,-110.713871,38.534897
0,-110.427036,38.533844
0,-110.19758,38.532496
1,-110.08286,38.531644
1,-108.706835,38.512729
0,-107.581545,38.506632
1,-108.076689,38.498762
0,-107.981854,38.497289
1,-111.401934,38.489615
1,-111.287382,38.48979
0,-111.000716,38.490188
0,-110.714048,38.489838
0,-110.599384,38.489501
0,-110.370062,38.488491
1,-108.787891,38.48733
1,-109.796359,38.484278
0,-109.624897,38.48211
1,-109.567589,38.481423
1,-109.395722,38.479231
0,-107.614327,38.479045
1,-108.937377,38.472011
0,-108.363982,38.469224
0,-110.977791,38.463148
0,-110.851704,38.463057
1,-108.65156,38.467139
0,-108.479078,38.463128
0,-107.464403,38.464566
0,-109.06384,38.456139
1,-108.192877,38.456478
0,-107.865539,38.455146
1,-108.021246,38.45228
0,-107.830846,38.44698
0,-110.485044,38.443993
0,-110.313162,38.443111
0,-110.25587,38.442761
0,-110.141314,38.441904
0,-109.96943,38.44059
1,-109.912528,38.440598
0,-109.740304,38.43835
1,-109.625753,38.437053
1,-109.511289,38.435672
1,-109.339468,38.433318
0,-109.167631,38.430793
1,-108.995953,38.428351
1,-108.709663,38.422732
0,-107.463286,38.419222
0,-107.348833,38.421602
1,-108.1945,38.411656
1,-108.080325,38.408703
1,-111.401413,38.399513
1,-111.286992,38.399713
1,-111.115241,38.399917
0,-111.057979,38.400049
0,-110.828929,38.399939
0,-110.084572,38.396486
0,-109.970071,38.395535
1,-109.855576,38.394456
1,-109.340441,38.38831
0,-110.920569,38.382012
0,-110.737375,38.381745
0,-109.168533,38.385534
1,-108.997071,38.382927
1,-108.825512,38.37985
0,-108.711071,38.377742
0,-110.611481,38.372382
1,-108.53951,38.374319
0,-108.36777,38.370693
1,-107.976234,38.362271
1,-111.458492,38.354197
0,-111.172431,38.354839
0,-110.428461,38.353608
1,-109.570233,38.346289
1,-109.455911,38.344496
0,-107.529385,38.345766
0,-110.520138,38.335994
1,-109.341447,38.343249
1,-108.941157,38.33693
1,-108.826801,38.334865
1,-108.483851,38.327985
0,-107.45984,38.32901
1,-110.28002,38.325735
1,-108.369314,38.325847
0,-108.254987,38.322945
1,-107.745912,38.322781
0,-107.631872,38.325542
1,-107.917325,38.318659
0,-111.229481,38.309715
0,-111.057909,38.309924
0,-110.886335,38.309884
0,-110.257256,38.307586
0,-109.971348,38.305426
0,-109.79982,38.303797
0,-109.685477,38.30257
1,-109.11389,38.294563
1,-108.999594,38.292922
1,-108.77106,38.2887
1,-108.65717,38.286434
1,-108.428248,38.281725
0,-108.085689,38.273663
0,-107.97254,38.272466
1,-107.801362,38.276473
0,-111.45796,38.263985
1,-111.40084,38.264175
0,-110.82925,38.264752
0,-110.714938,38.26453
0,-107.480949,38.265698
0,-109.68629,38.25752
1,-109.45795,38.254748
1,-109.343193,38.252958
1,-109.286328,38.252403
0,-108.052118,38.254821
1,-110.292135,38.244742
1,-110.223538,38.244326
1,-108.886646,38.245776
1,-110.109364,38.243451
1,-108.544041,38.239156
0,-107.571617,38.236092
1,-108.258698,38.232921
1,-107.856718,38.230142
1,-111.343359,38.219339
1,-111.229199,38.21959
0,-111.114947,38.219784
0,-111.057839,38.219798
0,-110.600876,38.219135
1,-108.384504,38.227181
0,-111.514795,38.218687
0,-110.486639,38.21869
0,-110.372405,38.218135
1,-110.143938,38.216707
0,-109.972587,38.215242
0,-109.572907,38.211134
1,-109.515995,38.210428
1,-109.344312,38.208177
1,-109.230439,38.206534
1,-109.002136,38.20268
1,-109.835807,38.196013
1,-108.659705,38.196439
1,-108.317483,38.189085
0,-107.798103,38.186442
0,-107.569752,38.191846
0,-107.512502,38.192987
1,-109.596289,38.184327
1,-111.057803,38.174735
1,-111.000729,38.17474
1,-110.829506,38.174617
1,-110.772375,38.174529
0,-110.372827,38.173092
0,-110.030339,38.170725
1,-109.174466,38.160871
1,-109.117374,38.159654
1,-109.003341,38.157743
1,-108.832195,38.154724
1,-108.547171,38.149059
1,-107.682177,38.144089
0,-107.454472,38.149216
0,-108.262065,38.142816
0,-111.400122,38.129079
1,-111.285716,38.129611
1,-111.22862,38.129483
1,-110.88633,38.129883
1,-110.77264,38.129809
0,-110.658417,38.129189
0,-110.54432,38.128802
1,-110.316122,38.127739
1,-110.14551,38.126278
1,-109.859814,38.12415
0,-109.745738,38.12296
1,-109.17539,38.115575
1,-108.833528,38.109684
0,-108.548596,38.104098
1,-109.483768,38.101819
1,-108.377665,38.100395
1,-108.206799,38.096471
0,-107.794469,38.096355
1,-107.737432,38.097716
0,-108.09288,38.093696
1,-112.026952,38.080078
0,-110.601613,38.083947
1,-110.487576,38.083495
1,-110.089635,38.080805
1,-109.9177,38.079527
1,-109.518029,38.075265
1,-109.290582,38.072141
0,-111.593539,38.065111
0,-111.468074,38.065614
1,-108.891864,38.065716
1,-108.777865,38.063632
0,-108.607046,38.060249
1,-108.379406,38.055516
0,-108.265436,38.0528
0,-107.621649,38.055315
0,-108.151578,38.050148
0,-111.627483,38.037825
0,-111.513598,38.038485
1,-111.171667,38.039416
1,-111.114904,38.039719
1,-111.000715,38.039558
1,-110.886744,38.039486
0,-110.430926,38.038179
0,-110.26,38.037227
1,-110.202126,38.036965
1,-112.083327,38.034715
1,-109.86117,38.03402
0,-109.804252,38.033473
1,-109.633366,38.031971
1,-109.405559,38.028742
1,-111.262838,38.021222
1,-109.291706,38.027269
1,-109.234556,38.026019
1,-109.06393,38.023494
1,-109.00696,38.022613
1,-111.137417,38.01244
1,-108.551613,38.014042
0,-107.563467,38.011627
0,-108.096421,38.003638
1,-111.057672,37.994886
1,-111.000681,37.994521
1,-110.71583,37.994159
1,-112.025616,37.990035
0,-111.911781,37.990964
1,-111.342669,37.993988
0,-110.545159,37.993613
1,-110.317393,37.992528
1,-110.203516,37.991793
1,-109.975413,37.989954
0,-107.710733,37.990301
1,-109.520439,37.985138
1,-108.89433,37.97568
1,-108.609986,37.970197
1,-110.693324,37.967099
0,-110.636413,37.966901
0,-108.325629,37.964071
1,-109.031489,37.959962
1,-108.974559,37.959022
1,-108.792539,37.955699
1,-112.081932,37.944439
0,-111.6836,37.94751
1,-111.569444,37.948009
1,-110.943826,37.949425
1,-110.147135,37.946361
1,-110.03373,37.944852
1,-109.919494,37.944489
1,-109.805636,37.943416
1,-109.69191,37.942206
1,-109.464614,37.939641
1,-111.023506,37.931392
1,-108.554586,37.923885
0,-108.156858,37.915058
1,-111.398236,37.903458
1,-111.228216,37.904144
1,-110.830177,37.90424
1,-110.602565,37.903637
0,-110.488841,37.903251
0,-112.194991,37.898208
1,-111.967611,37.900254
1,-109.749721,37.897943
1,-109.578843,37.89587
1,-109.352205,37.892843
1,-109.180912,37.890345
0,-108.407816,37.893816
1,-108.840171,37.884517
1,-108.726514,37.882357
1,-108.612912,37.88017
1,-108.385297,37.875323
0,-108.158568,37.869758
1,-112.080625,37.854413
0,-111.853245,37.856138
1,-111.739705,37.857195
1,-111.512252,37.858186
1,-111.341803,37.858803
1,-111.171293,37.859129
1,-110.943871,37.859276
0,-110.830189,37.859175
1,-110.659612,37.858768
0,-110.375478,37.857638
0,-110.261808,37.856926
1,-110.204964,37.856439
1,-110.091322,37.855805
1,-109.977252,37.855022
1,-109.920903,37.854429
1,-109.693218,37.851744
1,-109.409451,37.848551
0,-109.182225,37.84526
0,-109.011833,37.842502
0,-108.89825,37.840527
1,-108.614402,37.835062
1,-111.682687,37.812014
1,-111.626873,37.812288
1,-111.11462,37.814051
1,-111.057495,37.814074
0,-110.375858,37.812575
0,-111.966412,37.810261
1,-109.637731,37.806512
1,-109.580758,37.805677
0,-109.296869,37.801915
1,-108.786038,37.793383
0,-108.729222,37.792318
0,-108.44566,37.786493
0,-112.227165,37.7808
0,-112.113659,37.78192
0,-108.388828,37.785282
0,-110.887166,37.769111
1,-111.795531,37.766213
1,-111.625325,37.7675
0,-111.284526,37.768877
0,-110.773623,37.768946
0,-110.546542,37.76829
0,-110.433005,37.767798
1,-109.922672,37.764226
1,-109.865291,37.763715
1,-109.69475,37.762355
1,-109.240796,37.755894
1,-109.070962,37.753374
1,-108.968837,37.751556
1,-108.787415,37.748376
0,-108.560515,37.743897
1,-109.70693,37.735046
0,-108.424422,37.731702
1,-111.738377,37.721817
1,-111.454606,37.723205
0,-111.341146,37.723561
1,-111.227662,37.723879
0,-110.717024,37.723757
0,-110.546817,37.723224
1,-110.149739,37.721028
1,-110.03624,37.720154
0,-109.809565,37.718047
1,-109.582492,37.715527
1,-109.525744,37.714858
1,-109.355686,37.713113
1,-109.18535,37.710197
1,-109.129803,37.709174
0,-108.902075,37.705416
1,-111.987645,37.701936
1,-108.732043,37.702247
1,-111.34094,37.678494
1,-111.170707,37.678709
1,-111.000722,37.679031
0,-110.660493,37.67854
0,-110.376992,37.677382
1,-109.322272,37.685091
1,-112.077981,37.674068
1,-111.794469,37.676448
1,-110.263585,37.676729
1,-109.980179,37.674518
1,-109.073288,37.66321
0,-108.393603,37.650212
0,-112.133906,37.628541
1,-111.907333,37.630457
1,-111.680729,37.63201
1,-111.567309,37.632609
1,-111.510848,37.633047
0,-111.000156,37.633999
0,-110.830703,37.63384
0,-110.717365,37.633622
0,-110.490698,37.632861
1,-110.150783,37.631409
1,-110.036239,37.630808
1,-109.017872,37.617291
1,-108.847982,37.614348
1,-108.734771,37.6122
1,-109.33543,37.604246
0,-108.564984,37.608764
0,-108.451708,37.606498
0,-108.395185,37.605263
1,-111.793372,37.586239
1,-111.567046,37.587533
0,-111.170639,37.588654
0,-111.057347,37.58888
1,-110.944178,37.588628
0,-110.660902,37.588406
0,-110.377732,37.587216
1,-110.264405,37.586583
1,-109.154428,37.59251
1,-112.18976,37.582763
1,-112.020163,37.584748
1,-110.094699,37.585358
1,-109.867783,37.583454
1,-109.698677,37.581287
1,-109.585247,37.580018
1,-109.528448,37.579711
1,-109.358885,37.577681
0,-107.80909,37.582559
1,-111.363163,37.570327
0,-108.849291,37.569285
0,-107.684331,37.576409
0,-108.340037,37.559147
0,-107.830623,37.554985
0,-111.113791,37.544834
0,-112.359099,37.536049
0,-112.245708,37.537255
1,-112.019454,37.539425
1,-111.849796,37.539985
1,-111.793087,37.541209
1,-111.679897,37.541869
1,-111.453531,37.542883
0,-110.887508,37.543771
0,-110.774306,37.543609
0,-110.151743,37.540778
1,-109.98203,37.539617
1,-109.642043,37.536243
0,-108.770887,37.540793
0,-112.868094,37.529047
0,-112.754827,37.530974
0,-112.585266,37.533184
1,-109.529063,37.534628
1,-109.189921,37.529956
1,-113.376934,37.519857
0,-113.094287,37.525261
0,-112.981208,37.527221
0,-108.624424,37.519913
0,-110.797019,37.516609
0,-108.567891,37.518762
0,-107.772425,37.511312
1,-113.342416,37.502533
0,-108.172358,37.509959
1,-111.622949,37.497133
1,-111.396729,37.49809
0,-111.170412,37.498633
0,-110.887576,37.498702
0,-110.491617,37.497662
0,-110.378491,37.497121
1,-110.26538,37.496446
1,-110.039198,37.494868
0,-112.301575,37.491533
1,-112.132062,37.493369
1,-109.926035,37.493875
1,-109.812649,37.492961
1,-109.643225,37.490957
1,-109.360626,37.487362
1,-109.077991,37.483183
1,-109.021415,37.482193
1,-108.851865,37.479229
0,-108.682352,37.476005
0,-108.343352,37.468956
0,-113.013036,37.454656
0,-112.956769,37.45543
0,-112.832497,37.45754
1,-111.339927,37.453225
0,-111.000712,37.453687
0,-110.661513,37.453202
1,-112.469945,37.444564
1,-112.187742,37.447736
0,-111.905137,37.450131
1,-111.566,37.452314
0,-110.209284,37.451043
1,-110.152749,37.450651
1,-109.700617,37.446653
1,-108.536353,37.445997
1,-109.418067,37.443072
1,-109.248567,37.440705
1,-113.204762,37.433104
0,-110.559863,37.434839
0,-110.503347,37.434615
1,-108.853155,37.434147
1,-108.796666,37.433133
1,-108.457863,37.426095
0,-108.175648,37.41992
1,-112.017508,37.403562
1,-111.735155,37.406395
1,-111.339224,37.407887
1,-111.226705,37.4084
0,-111.113709,37.408563
0,-110.718213,37.408281
1,-110.322087,37.406548
1,-109.926997,37.404318
1,-109.814438,37.402513
1,-112.80824,37.39479
1,-112.526013,37.398833
1,-109.588466,37.400165
1,-109.306147,37.396526
0,-109.249628,37.395657
1,-113.31605,37.386015
1,-109.135906,37.39304
1,-109.023788,37.39209
0,-113.372664,37.384865
1,-112.717501,37.378153
1,-110.063223,37.377867
1,-108.403258,37.379823
1,-108.346628,37.378799
1,-112.898152,37.375355
0,-107.993177,37.370886
1,-111.621377,37.361851
1,-111.509198,37.362216
1,-111.395959,37.362884
1,-111.283066,37.363154
1,-111.170218,37.363551
0,-111.11364,37.363493
0,-110.944245,37.363534
0,-110.774847,37.363333
0,-110.49253,37.362458
0,-110.266686,37.361275
1,-112.524955,37.353853
1,-112.299261,37.35641
1,-112.186035,37.358194
1,-112.073429,37.358648
1,-111.904066,37.360118
1,-110.097263,37.360095
1,-109.814952,37.357613
0,-109.589287,37.355136
0,-109.476409,37.353734
0,-112.976439,37.347088
0,-109.081401,37.347977
1,-108.968552,37.346117
1,-113.201945,37.34308
1,-112.445613,37.336696
1,-108.742953,37.341935
1,-108.630113,37.339773
0,-108.573715,37.338647
0,-107.48388,37.337504
1,-112.20851,37.330268
0,-109.680068,37.329144
0,-107.878609,37.328498
0,-108.009927,37.325726
1,-111.734265,37.316225
1,-111.677996,37.316462
1,-111.50859,37.317365
1,-111.395733,37.317823
0,-110.887846,37.318424
0,-110.774981,37.318263
0,-110.605691,37.31782
0,-110.379977,37.316853
1,-110.041285,37.315154
1,-109.872199,37.313051
1,-112.693366,37.306308
0,-109.308116,37.306378
0,-109.195327,37.304709
1,-113.313693,37.29603
1,-113.144137,37.299305
0,-112.975296,37.301747
1,-108.857422,37.29903
1,-108.744404,37.296803
0,-108.631527,37.294759
1,-113.425394,37.293703
1,-111.948335,37.287633
1,-111.880709,37.288156
1,-111.700181,37.289353
1,-108.406101,37.290022
0,-108.237001,37.286238
1,-107.764152,37.286246
0,-107.538754,37.291244
1,-108.180753,37.284857
1,-111.959374,37.269471
0,-111.282693,37.273068
0,-110.71873,37.273073
0,-110.549531,37.272549
0,-110.323953,37.271477
1,-110.154793,37.270427
1,-112.410472,37.265391
1,-112.354044,37.265697
1,-112.072624,37.268706
0,-109.816478,37.267493
0,-109.421857,37.262885
0,-108.993277,37.265408
0,-107.954909,37.263621
1,-113.199494,37.253183
1,-113.143146,37.254036
1,-112.861283,37.258415
1,-112.80499,37.259629
0,-109.140046,37.258787
1,-108.858315,37.254011
1,-113.481014,37.247643
0,-113.312163,37.250828
1,-112.094474,37.250235
1,-108.520223,37.247437
1,-108.464644,37.237455
1,-108.23892,37.241145
1,-108.182374,37.239876
1,-108.069757,37.237241
0,-107.649904,37.243794
0,-111.451611,37.227473
1,-111.113864,37.228326
1,-111.057016,37.228376
0,-110.775249,37.228123
1,-112.296938,37.221231
1,-112.184177,37.222448
0,-111.564334,37.226989
0,-110.493438,37.227252
0,-110.267997,37.226075
0,-110.04258,37.224468
0,-109.873529,37.222981
0,-109.704491,37.221252
0,-109.535469,37.21928
1,-112.972916,37.211877
1,-112.803625,37.214684
1,-112.634951,37.217034
1,-112.57864,37.217816
0,-109.253802,37.215457
0,-109.08483,37.212841
1,-113.085558,37.209938
1,-111.823355,37.207506
0,-111.767067,37.20783
1,-108.74716,37.206624
1,-108.634508,37.204535
1,-108.35287,37.198736
0,-107.648361,37.198743
0,-111.958279,37.179377
0,-111.338685,37.182779
0,-111.226026,37.183048
0,-111.169697,37.183142
1,-111.000753,37.183283
0,-110.944376,37.183252
0,-110.719052,37.182932
0,-110.437412,37.181929
0,-110.381085,37.181649
0,-110.268433,37.181008
0,-110.155789,37.180259
0,-109.874198,37.177918
1,-112.578017,37.17273
1,-112.521487,37.173325
1,-112.408757,37.175042
0,-109.367432,37.172014
1,-107.895303,37.174965
1,-107.839037,37.176337
0,-113.253147,37.161843
1,-112.8589,37.168269
0,-109.142255,37.168692
0,-108.917116,37.164944
0,-113.478205,37.157348
0,-111.31604,37.155799
0,-109.57046,37.156613
1,-107.53425,37.156172
0,-108.185733,37.149825
1,-108.07333,37.147137
0,-111.451074,37.137332
0,-110.88811,37.138141
0,-110.775514,37.137981
0,-110.719218,37.137861
1,-110.606673,37.137541
1,-112.351732,37.130503
1,-112.239181,37.131398
1,-112.126674,37.133259
1,-112.070203,37.133359
0,-110.15629,37.135192
0,-109.931148,37.133376
0,-109.706027,37.131131
0,-109.649751,37.130503
0,-109.424666,37.127722
1,-113.083108,37.119917
1,-112.858044,37.12365
1,-112.689296,37.126112
0,-109.312135,37.126171
0,-113.308047,37.115724
0,-108.805862,37.117872
1,-108.580922,37.113475
1,-107.532828,37.111196
0,-113.589182,37.109914
0,-109.065058,37.104365
1,-108.412512,37.109827
1,-108.299925,37.10728
1,-107.869998,37.103464
1,-108.018537,37.100841
1,-113.228502,37.090227
0,-111.675848,37.091191
0,-111.563329,37.09178
0,-111.225757,37.092905
0,-110.325562,37.091205
0,-110.100537,37.089712
0,-108.94158,37.09327
1,-112.913143,37.07769
1,-112.519691,37.083619
0,-109.53807,37.084108
0,-109.144455,37.078596
0,-109.088233,37.077702
0,-111.023204,37.07509
0,-108.750953,37.071779
1,-108.469956,37.066143
1,-107.756029,37.061228
1,-107.699842,37.062251
1,-108.18909,37.059736
0,-113.553358,37.047661
1,-111.900365,37.044566
1,-111.844076,37.04506
1,-111.675437,37.046113
0,-111.281852,37.047712
0,-111.113163,37.047995
1,-110.832009,37.047931
0,-110.157291,37.045058
1,-112.631099,37.036837
1,-112.350724,37.040152
1,-112.012785,37.043723
0,-109.763766,37.041609
0,-109.595139,37.03973
0,-109.48273,37.038344
0,-109.426528,37.037611
0,-109.314131,37.036066
1,-113.024562,37.030334
1,-112.912068,37.032642
1,-112.85589,37.033525
1,-110.764576,37.029797
0,-108.808455,37.027793
0,-113.417649,37.023416
0,-113.305319,37.025652
1,-110.641001,37.020553
1,-110.528543,37.020069
0,-110.461095,37.019782
1,-108.471441,37.021087
1,-107.585922,37.019956
1,-108.303044,37.017081
1,-108.078444,37.012058
1,-107.922851,37.012067
1,-107.810758,37.01466
1,-107.64206,37.018665
1,-112.754144,37.008041
1,-112.450576,37.003144
1,-112.28196,37.005039
1,-112.158483,37.006344
1,-111.798764,37.009253
0,-109.932916,37.007196
0,-109.876725,37.006677
0,-108.651733,37.006768
1,-108.59556,37.005634
0,-108.022325,37.010663
1,-110.382553,37.001308
0,-110.101601,36.999578
0,-109.595967,36.994671
0,-111.506409,36.992877
0,-111.45022,36.993104
0,-109.146689,36.988499
1,-113.135539,36.983784
0,-110.96699,36.984944
0,-108.865891,36.983777
0,-108.753608,36.981703
0,-107.416042,36.978405
0,-108.416833,36.97485
0,-108.192383,36.969753
1,-112.786736,36.962443
1,-112.607111,36.965047
0,-112.01159,36.953592
0,-111.899258,36.954467
0,-111.450007,36.957047
0,-111.281518,36.957568
0,-111.169191,36.957782
0,-111.113028,36.957849
1,-110.719858,36.957421
1,-110.607513,36.957237
0,-110.326759,36.955996
0,-110.158286,36.954922
0,-110.102131,36.95451
1,-112.741391,36.945135
1,-112.180009,36.952075
0,-109.821371,36.952055
0,-109.709078,36.950886
0,-109.372249,36.946742
0,-113.078156,36.93971
0,-110.529044,36.93894
0,-109.035493,36.941644
0,-107.302529,36.935833
0,-113.414801,36.933349
0,-113.302603,36.935579
0,-110.293314,36.928758
0,-108.362269,36.928591
0,-107.582895,36.92983
0,-108.081897,36.92203
0,-107.919352,36.922031
0,-107.807215,36.924736
0,-111.618126,36.911218
0,-111.505871,36.911749
0,-110.832284,36.91265
0,-110.551673,36.911975
0,-112.347686,36.905186
1,-112.235461,36.906415
1,-111.786695,36.910247
0,-109.934298,36.908051
0,-109.822065,36.90699
0,-109.709838,36.905824
0,-109.429307,36.902442
0,-112.964777,36.896583
1,-112.684402,36.900862
0,-109.260922,36.900077
0,-109.036648,36.896597
0,-113.189104,36.892661
0,-112.425903,36.886246
0,-108.868401,36.893694
0,-108.700179,36.890554
0,-108.588047,36.88833
0,-107.357244,36.889345
0,-108.307771,36.882308
0,-108.251726,36.881024
0,-107.693478,36.882312
0,-108.027581,36.875626
1,-111.9543,36.863904
0,-111.505573,36.866677
0,-111.393381,36.867103
0,-111.337284,36.867276
0,-111.225089,36.867542
0,-111.112894,36.867703
0,-111.00071,36.867722
1,-110.94459,36.867709
0,-110.888503,36.867706
1,-110.720212,36.867383
1,-110.66406,36.867309
1,-110.439738,36.866381
1,-110.159278,36.864729
0,-112.795449,36.854195
0,-112.515117,36.8581
0,-109.54237,36.858815
0,-109.374161,36.856631
1,-109.205972,36.854146
1,-109.093845,36.85239
0,-113.299899,36.845504
0,-113.019675,36.850596
0,-108.813608,36.847633
0,-108.701529,36.845517
0,-107.131595,36.848663
1,-112.043705,36.836165
1,-111.920289,36.837165
1,-111.808204,36.837924
0,-108.533433,36.842147
1,-107.635932,36.838381
0,-107.411783,36.843305
0,-108.029325,36.830613
1,-111.897695,36.81929
0,-111.673461,36.820771
1,-110.440045,36.821336
1,-110.383984,36.821104
1,-110.271854,36.820461
0,-112.682334,36.810781
0,-112.514227,36.813042
0,-112.290055,36.815686
1,-112.177647,36.81695
0,-109.991602,36.818406
0,-109.879498,36.817402
0,-109.823447,36.816861
0,-109.599266,36.814429
0,-109.431127,36.812319
0,-113.186536,36.802579
0,-113.074509,36.804586
0,-112.850423,36.808284
0,-108.982931,36.805564
0,-108.814889,36.802592
0,-108.478886,36.795941
0,-107.466366,36.797122
0,-107.242353,36.801559
0,-109.67819,36.788291
0,-108.310927,36.79226
0,-108.08703,36.786984
0,-107.858249,36.788344
1,-107.690299,36.792291
1,-112.344959,36.769755
1,-112.121349,36.772125
0,-111.336887,36.777129
0,-110.104238,36.774235
0,-112.961322,36.76144
1,-112.849361,36.763206
0,-112.793344,36.76409
0,-112.457331,36.768683
1,-109.263992,36.765286
1,-109.152077,36.763283
0,-106.961151,36.761465
1,-111.930587,36.755927
1,-111.807351,36.756771
0,-111.695314,36.757542
0,-108.928127,36.759555
0,-108.760191,36.756509
0,-108.592283,36.753229
0,-107.40896,36.753236
0,-107.185078,36.75756
0,-107.073095,36.759052
0,-108.424403,36.749711
0,-108.200609,36.744654
0,-111.56068,36.731209
0,-111.504683,36.73146
0,-111.392688,36.731883
0,-110.888712,36.732519
0,-110.776704,36.732325
0,-110.272741,36.73031
0,-110.048772,36.728731
0,-112.176511,36.726638
0,-109.880809,36.727269
0,-109.824824,36.726729
0,-109.656881,36.724951
0,-109.488956,36.722936
0,-109.37706,36.721426
0,-113.18398,36.712494
0,-113.128033,36.713507
0,-111.426187,36.713737
0,-109.097232,36.717332
0,-109.041243,36.716405
0,-108.873389,36.713522
0,-107.071908,36.71452
0,-106.960005,36.716417
0,-111.302985,36.705101
0,-108.481832,36.705879
0,-107.631258,36.703464
0,-107.35162,36.709319
0,-108.314069,36.70221
0,-108.202244,36.699633
0,-108.034534,36.695572
0,-107.910813,36.696953
0,-107.854909,36.698307
0,-107.743091,36.700938
0,-111.616304,36.685777
1,-111.504321,36.686476
1,-110.776813,36.687231
1,-110.497026,36.686395
1,-112.511702,36.677771
1,-112.455407,36.678743
1,-112.343978,36.680153
0,-112.176061,36.681712
1,-112.063653,36.682714
0,-111.89612,36.684082
1,-110.329138,36.685557
0,-110.105285,36.684095
0,-110.049327,36.683661
0,-109.937416,36.682715
0,-109.545778,36.678573
0,-112.679384,36.675614
1,-109.209535,36.673628
0,-108.706899,36.665365
0,-108.650995,36.664275
0,-107.462047,36.662023
0,-107.238558,36.666372
0,-107.126615,36.668489
0,-108.427409,36.659653
0,-107.573835,36.659658
0,-107.964983,36.650558
0,-111.951523,36.638578
0,-109.770277,36.636032
1,-112.790161,36.628921
1,-112.398568,36.634279
0,-109.658448,36.634825
1,-109.267498,36.629687
0,-112.95789,36.626291
0,-112.901998,36.627196
0,-108.931752,36.624418
0,-108.819987,36.622424
0,-107.292868,36.62049
0,-107.125376,36.623444
0,-108.540629,36.616983
0,-108.037987,36.605542
0,-107.851584,36.608269
0,-111.559699,36.595988
0,-111.336102,36.59683
0,-111.224312,36.59704
1,-112.565662,36.587002
1,-112.453828,36.588265
0,-112.342217,36.58971
0,-112.230432,36.591124
0,-112.174634,36.591488
0,-109.882765,36.592067
0,-113.124315,36.578371
0,-112.733298,36.584709
0,-109.044664,36.581258
0,-107.06829,36.579382
0,-113.236011,36.576328
0,-108.76541,36.576347
0,-108.542058,36.571949
0,-108.430401,36.569593
0,-107.515014,36.57079
0,-107.347515,36.574207
0,-108.26294,36.565863
0,-108.207127,36.564568
1,-111.280061,36.55189
1,-110.107098,36.548434
0,-109.93927,36.547509
0,-112.955614,36.536189
1,-112.843516,36.53821
1,-112.452858,36.543041
1,-109.212428,36.538724
1,-113.011416,36.535243
0,-108.65509,36.529162
0,-107.401956,36.528058
0,-107.290623,36.530204
0,-107.625142,36.523352
0,-107.457757,36.52692
1,-112.698243,36.513081
0,-112.64238,36.513872
0,-112.341464,36.499642
0,-112.173223,36.501884
0,-109.77242,36.500834
1,-113.177635,36.487264
1,-112.954593,36.491209
1,-109.102748,36.492077
0,-108.991141,36.490231
0,-108.879566,36.488299
1,-113.289208,36.485256
0,-108.712224,36.485206
0,-108.377621,36.478318
0,-112.262155,36.473444
1,-112.450771,36.453425
1,-109.996358,36.457881
0,-109.884709,36.456862
0,-109.717345,36.45518
1,-112.841821,36.447834
0,-107.566377,36.434505
0,-112.227485,36.411007
0,-111.557932,36.415447
0,-112.617803,36.406034
1,-113.230845,36.396164
0,-107.564896,36.389473
0,-107.397792,36.392946
0,-107.507751,36.345623
0,-107.619081,36.343233
